id,question,A,B,C,D,correct_letter,correct_text,clean_exp,mode,model_name,model_id,answer_provider,answer_model_name,verifier_provider,verifier_model,verifier_model_name,predicted_letter,predicted_text,is_correct,retrieved_context,retrieved_ids,retrieved_scores,hallucination_label,hallucination_reason,timestamp_utc
45258d3d-b974-44dd-a161-c3fccbdadd88,Which of the following is not true for myelinated nerve fibers:,Impulse through myelinated fibers is slower than non-myelinated fibers,Membrane currents are generated at nodes of Ranvier,Saltatory conduction of impulses is seen,Local anesthesia is effective only when the nerve is not covered by myelin sheath,A,Impulse through myelinated fibers is slower than non-myelinated fibers,,no_rag,ollama,llama3:latest,ollama,llama3:latest,gemini,gemini-2.5-flash,gemini-2.5-flash,A,Impulse through myelinated fibers is slower than non-myelinated fibers,True,,,,,,2026-04-16T15:08:50.951675+00:00
b944ada9-d776-4c2a-9180-3ae5f393f72d,Which of the following is not true about glomerular capillaries'),The oncotic pressure of the fluid leaving the capillaries is less than that of fluid entering it,Glucose concentration in the capillaries is the same as that in glomerular filtrate,Constriction of afferent aeriole decreases the blood flow to the glomerulas,Hematocrit of the fluid leaving the capillaries is less than that of the fluid entering it,A,The oncotic pressure of the fluid leaving the capillaries is less than that of fluid entering it,"The oncotic pressure of the fluid leaving the capillaries is less than that of fluid entering it .;anong 23/e p653-6_)Glomerular oncotic pressure (due to plasma protein content) is higher than that of filtrate oncotic pressure in Bowman's capsule""Since glucose is freely filtered and the fluid in the Bowman's capsule is isotonic with plasma, the concentration of glucose in the filtrate is the same as in the capillaries",no_rag,ollama,llama3:latest,ollama,llama3:latest,gemini,gemini-2.5-flash,gemini-2.5-flash,A,The oncotic pressure of the fluid leaving the capillaries is less than that of fluid entering it,True,,,,,,2026-04-16T15:08:53.454234+00:00
b64a9cd7-d076-4c55-8be1-f9c44fece6cc,A 29 yrs old woman with a pregnancy of 17 week has a 10 years old boy with down syndrome. She does not want another down syndrome kid; best advice to her is,No test is required now as her age is below 35 years,Ultra sound at this point of time will definitely tell her that next baby will be down syndromic or not,Amniotic fluid samples plus chromosomal analysis will definitely tell her that next baby will be down syndromic or not,blood screening at this point of time will clear the exact picture,C,Amniotic fluid samples plus chromosomal analysis will definitely tell her that next baby will be down syndromic or not,,no_rag,ollama,llama3:latest,ollama,llama3:latest,gemini,gemini-2.5-flash,gemini-2.5-flash,C,Amniotic fluid samples plus chromosomal analysis will definitely tell her that next baby will be down syndromic or not,True,,,,,,2026-04-16T15:08:56.562332+00:00
c6365cce-507c-40f6-90a2-46b867f47b6e,Axonal transport is:,Antegrade,Retrograde,Antegrade and retrograde,,C,Antegrade and retrograde,Fast anterograde (400 mm/day) transport occurs by kinesin molecular motor and retrograde transport (200 mm/day) occurs by dynein molecular motor.,no_rag,ollama,llama3:latest,ollama,llama3:latest,gemini,gemini-2.5-flash,gemini-2.5-flash,A,Antegrade,False,,,,REASONING_FAILURE,"```json
{
  ""label"": """",
  ""reason"": ""The model correctly identified 'Antegrade' as a type of axonal transport, which is semantically close to the correct answer 'Antegrade and retrograde'. However, it failed to infer or distinguish that axonal transport encompasses both antegrade and retrograde movement, thus providing an incomplete answer rather than a factually incorrect one.""
}
```",2026-04-16T15:08:57.769451+00:00
72c1c5e0-b64f-4eef-bf22-ecfb60c5c19c,Low insulin to glucagon ratio is seen in all of these except:,Glycogen synthesis,Glycogen breakdown,Gluconeogenesis,Ketogenesis,A,Glycogen synthesis,"Glycogen synthesisLow insulin to glucagon ratio implies a catabolic state, i.e. usage of body stores to form energy, typically seen in fasting state ancl diabetes mellitus. Hence, this state will promote glycogen breakdown, gluconeogenesis as well as ketone body formation, while at the same time inhibiting glycogen synthesis and storage.",no_rag,ollama,llama3:latest,ollama,llama3:latest,gemini,gemini-2.5-flash,gemini-2.5-flash,A,Glycogen synthesis,True,,,,,,2026-04-16T15:08:58.970834+00:00
17360c6c-2c98-4fe2-aa85-487dcf4678df,Concentration of tropicamide:,0.01,0.02,0.03,0.04,A,0.01,"0.01Tropicamide is the shoest acting mydriatic, concentration used is 0.5-l% drops (0.005-0.010).Tropicamide:Concentration used: 0.5-l% drops (0.005-0.010)Duration of action: Though effective for upto 3 hours, maximum effect appear 30 minutes after the last drop and lasts for only 10-15 minutesUsed in Adults.",no_rag,ollama,llama3:latest,ollama,llama3:latest,gemini,gemini-2.5-flash,gemini-2.5-flash,A,0.01,True,,,,,,2026-04-16T15:09:00.225604+00:00
62fa6f78-1964-4249-974b-6fcbbd7fc9ba,Which of the following statements is true regarding H I N1 Influenza?,Pregnant woman with sore throat can be staed immediately on oseltamivir without diagnostic testing under category B,People on long-term steroids cannot receive Os-eltam ivir,Category B concerns with low risk cases,Category B patients have to undergo immediate testing,A,Pregnant woman with sore throat can be staed immediately on oseltamivir without diagnostic testing under category B,Pregnant woman with sore throat can be staed immediately on oseltamivir without diagnostic testing under category B(. http..ilviww.molifir.nic.in/WriteReadData/1892s/ 804456402Categorisation.pcifi)Pregnant woman with sore throat can be staed immediately on oseltamivir without diagnostic testing under category B.Drug of choice - Oseltamivir (given for 10 days post-exposure). Priority groups (in order) for Influenza vaccinesPregnant womenHealthy young childrenAge >6 months with chronic medical conditionsHealthy adults 49-65 years15-49 years healthy young adultsHealthy adults > 65 years,no_rag,ollama,llama3:latest,ollama,llama3:latest,gemini,gemini-2.5-flash,gemini-2.5-flash,A,Pregnant woman with sore throat can be staed immediately on oseltamivir without diagnostic testing under category B,True,,,,,,2026-04-16T15:09:01.956498+00:00
ce49098b-cc48-4168-859e-936e3e0c7459,Which of the following are not a branch of external carotid Aery in Kiesselbach's plexus.,Sphenopalatine aery,Anterior ethmoidal aery,Greater palatine aery,Septal branch of superior labial aery,B,Anterior ethmoidal aery,"Kiesselbach's plexus: Antero superior pa is supplied by ANTERIOR & POSTERIOR ETHMOIDAL AERIES which are branches of ophthalmic aery, branch of INTERNAL CAROTID AERY. Antero inferior pa is supplied by SUPERIOR LABIAL AERY - branch of facial aery, which is branch of EXTERNAL CAROTID AERY. Postero superior pa is supplied by SPHENO-PALATINE AERY - branch of MAXILLARY aery, which is branch of ECA. POSTERO INFERIOR pa is supplied by branches of GREATER PALATINE AERY - branch of ECA Antero inferior pa/vestibule of septum contain anastomosis b/w septal ramus of superior labial branch of facial aery & branches of sphenopalatine, greater palatine & anterior ethmoidal aeries. These form a large capillary network called KIESSELBACH'S PLEXUS If dryness persists, bleeding will occur Therefore, in given options, Anterior ethmoidal aery is a branch of ICA not ECA",no_rag,ollama,llama3:latest,ollama,llama3:latest,gemini,gemini-2.5-flash,gemini-2.5-flash,A,Sphenopalatine aery,False,,,,FACTUAL_ERROR,"```json
{
  ""label"": """",
  ""reason"": ""The model incorrectly identified the Sphenopalatine artery as not being a branch of the external carotid artery. The Sphenopalatine artery is a branch of the maxillary artery, which is a terminal branch of the external carotid artery. This is a direct factual inaccuracy regarding arterial anatomy.""
}
```",2026-04-16T15:09:03.697851+00:00
18d5c4a1-cb81-41a8-9bfc-b6f7dec431d2,Diagnosis of the following ECG-,Ventricular bigeminy,Electrical alternans,P pulmonale,Left ventricular failure,B,Electrical alternans,Option A- Broad QRS complex with normal sinus rhythm Digoxine toxicity Option B- P wave with fluctuating QRS complexes is seen. showing ELECTRICAL ALTERANS seen in large pericardial effusion in which hea is swinging. Option C- N Height in P wave: 2.5mm But in P-pulmonale: || by 1.5mm,no_rag,ollama,llama3:latest,ollama,llama3:latest,gemini,gemini-2.5-flash,gemini-2.5-flash,A,Ventricular bigeminy,False,,,,FACTUAL_ERROR,"```json
{
  ""label"": """",
  ""reason"": ""The model incorrectly identified the ECG pattern. Ventricular bigeminy (Model answer) and Electrical alternans (Correct answer) are distinct ECG findings with different characteristics (rhythm vs. QRS amplitude variation) and etiologies. The model's choice is a fundamental misidentification of the ECG finding, not a subtle distinction or incorrect inference between semantically close options.""
}
```",2026-04-16T15:09:04.950369+00:00
de09d388-bd4e-42a9-ac6b-ee2d95f822e2,A blue new born presents with cyanosis. The X–ray chest reveal oligaemic lung field and normal sized heart. Most likely diagnosis is –,Ebstein's anomaly,Pulmonary atresia,Transposition of great arteries,Tetralogy of fallot,B,Pulmonary atresia,"The findings in this newborn are Cyanosis at birth Oligaemic lung .fields Normal sized heart Lets see each option one by one Ebstein anomaly - It can be easily ruled out as there is marked cardiomegaly in it. Transposition of great vessels- There is cardiomegaly and plethoric lung fields see in it. So ruled out. Now the real confusion - between PA and TOF. TOF - in TOF there is oligaemic lung fields and normal sized heart but usually cyanosis is not present at birth. Nelson states - ""Often cyanosis is not present at birth. but with increasing hypertrophy of the right ventricular infimdibulum and patient growth, cyanosis occurs later in the 1st year of life. But some cases may present with cyanosis at birth."" a Pulmonary atresia - The child is cyanotic at birth There is pulmonary oligaemia But the heart is of variable size (from small to enlarge)",no_rag,ollama,llama3:latest,ollama,llama3:latest,gemini,gemini-2.5-flash,gemini-2.5-flash,D,Tetralogy of fallot,False,,,,REASONING_FAILURE,"```json
{
  ""label"": """",
  ""reason"": ""The model chose Tetralogy of Fallot (TOF), which shares features like oligaemic lung fields and a normal-sized heart with Pulmonary Atresia (PA). However, the question specifies 'A blue new born presents with cyanosis,' indicating cyanosis at birth. While some cases of TOF can present with cyanosis at birth, it is typically a later onset condition. Pulmonary Atresia, on the other hand, is characterized by cyanosis at birth. The model failed to make the correct inference and distinction based on the timing of cyanosis and the 'most likely diagnosis' prompt, thus selecting a less probable option over the more fitting one.""
}
```",2026-04-16T15:09:06.810417+00:00
384a9281-2ee1-480b-a7d8-fd3ef49558e5,27.	The lateral spread of dental caries is facilitated mostly  by the,Enamel spindles,Dentinoenamel junction,Enamel lamellae,Striae of Retzius,B,Dentinoenamel junction,,no_rag,ollama,llama3:latest,ollama,llama3:latest,gemini,gemini-2.5-flash,gemini-2.5-flash,B,Dentinoenamel junction,True,,,,,,2026-04-16T15:09:08.083907+00:00
ae860b65-53a5-4547-b627-494174e15c3c,A second-year PG resident tells you to perform an ABG of a patient. All of the following are true about performing an ABG except:,"Before performing the ABG, syringe should be loaded with 0.3 cc of heparin","Normal pH, HCO. and PCO, levels may not indicate absence of an acid-base imbalance",A different site should be tried i f modified Allen's test is negative,Radial aery is the preferred site,A,"Before performing the ABG, syringe should be loaded with 0.3 cc of heparin","Before performing the ABG, syringe should be loaded with 0.3 cc of heparin(: Harrison 18/e p364; http:// emedicine.medscape.comlaiclell 902703-overview).Care should be taken when measuring blood gases to obtain the aerial blood sample without using excessive heparin.Heparin should be expelled from the syringe after loading as it may lead to false pCO2 readings.Precautions:Most syringes come pre-packaged & contain a small amount of heparin, to prevent coagulation.Other syringes may need to be heparinized, by drawing up a small amount of liquid heparin & squiing it out again to remove air bubbles.Once the sample is obtained, care is taken to eliminate visible gas bubbles, as these bubbles can dissolve into the sample & cause inaccurate results.",no_rag,ollama,llama3:latest,ollama,llama3:latest,gemini,gemini-2.5-flash,gemini-2.5-flash,A,"Before performing the ABG, syringe should be loaded with 0.3 cc of heparin",True,,,,,,2026-04-16T15:09:10.393479+00:00
84d89a4f-db04-402d-88ab-ca39f6eee8bd,Respiratory rhythm generation center is located at:,Dorsal respiratory group,Pre-Botzinger complex,Ventral respiratory neurons,Pneumotaxic center,B,Pre-Botzinger complex,Pre-Botzinger complexRef: ptically coupled pacemaker cells in the pre-Botzinger complex (pre-BOTC) on either side of the medulla between the nucleus ambiguus and the lateral reticular nucleus.The main components of the respiratory control pattern generator responsible for automatic respiration are located in the medulla. Rhythmic respiration is initiated by a small group of synaptically coupled pacemaker cells in the pre-Botzinger complex (pre-BOTC) on either side of the medulla between the nucleus ambiguus and the lateral reticular nucleus.,no_rag,ollama,llama3:latest,ollama,llama3:latest,gemini,gemini-2.5-flash,gemini-2.5-flash,B,Pre-Botzinger complex,True,,,,,,2026-04-16T15:09:11.629326+00:00
b1cc4ab0-a82c-437a-88c2-00953f3618ff,Gait apraxia is seen in thromboembolic episode involving:,ACA,MCA,PCA,Posterior choroidal aery,A,ACA,"ACA (: Harrison 19/e p163, 18/e p193)Gait apraxia is seen in thromboembolic episode involving anterior cerebral aery.Frontal lobe is mainly supplied by anterior cerebral aery; its occlusion leads to gait apraxia",no_rag,ollama,llama3:latest,ollama,llama3:latest,gemini,gemini-2.5-flash,gemini-2.5-flash,A,ACA,True,,,,,,2026-04-16T15:09:12.873812+00:00
f184a533-98b4-43ad-b1f5-70edc6704d9e,Heavy forces on periodontal ligament causes:,Hyalinization,Osteoclastic activity around tooth,Osteoblastic activity around tooth,Crest bone resorption,A,Hyalinization,,no_rag,ollama,llama3:latest,ollama,llama3:latest,gemini,gemini-2.5-flash,gemini-2.5-flash,A,Hyalinization,True,,,,,,2026-04-16T15:09:14.089257+00:00
26160738-1887-4252-86d4-1719a5a80bd3,"About N. gonorrhoea, all are true except",Most common cause of urethritis in male,All stains are highly susceptible to penicillin,Wide spread axoregnic stains cause disseminated gonococcal infection,Found exclusively in human beings,B,All stains are highly susceptible to penicillin,,no_rag,ollama,llama3:latest,ollama,llama3:latest,gemini,gemini-2.5-flash,gemini-2.5-flash,B,All stains are highly susceptible to penicillin,True,,,,,,2026-04-16T15:09:15.915488+00:00
6ccd8adb-af24-4e58-82a1-9219dfa37057,"A patient who was on ventilator and being ventilated for past few days, suddenly pulls out the endotracheal tube. What is the next step of management?","Assess the patient, give bag and mask ventilation and look for spontaneous breathing",Sta bag and mask ventilation and reintubate,Sedate and reintubate,Make him sit and do physiotherapy,A,"Assess the patient, give bag and mask ventilation and look for spontaneous breathing","Assess the patient, give bag and mask ventilation and look for spontaneous breathingIn self-extubation, assess the patient, give bag and mask ventilation and look for spontaneous breathing.Unplanned ExtubationUnplanned extubation of mechanically ventilated patients is relatively commonSelf-extubation refers to the patient's action, who deliberately removes the endotracheal tube (MC type of unplanned extubation, typically occur at night)Accidental extubation is attributed either to personnel's inappropriate manipulation of the tube during patient care or to a non-purposeful patient's action, e.g. coughing (mostly occur in the morning) Risk Factors for Unplanned ExtubationPatient factorsStaff factorsMaleDeliriumLight sedationDifficulty in securing tube (e g. facial swelling, facial burns)Previous unplanned extubationJunior staffNurse-to-patient ratioInadequately secured endotracheal tubeand/or checks",no_rag,ollama,llama3:latest,ollama,llama3:latest,gemini,gemini-2.5-flash,gemini-2.5-flash,A,"Assess the patient, give bag and mask ventilation and look for spontaneous breathing",True,,,,,,2026-04-16T15:09:17.713658+00:00
e38402c3-69bf-40a8-90c4-09277ca352eb,"In a	6-month-old child, thick curd like white	patch
appears on the buccal mucosa. On rubbing it leaves an
erythematous patch. Most likely diagnosis is:",Tuberculosis,Lichen planus,Lupus erythematous,Candidiasis,D,Candidiasis,,no_rag,ollama,llama3:latest,ollama,llama3:latest,gemini,gemini-2.5-flash,gemini-2.5-flash,D,Candidiasis,True,,,,,,2026-04-16T15:09:19.515216+00:00
9078aaca-bbfd-41cd-ad69-03057fca84ba,Characteristic of venous blood flow of lower limb in duplex Doppler is?,Monophasic,Biphasic,Triphasic,Non phasic,A,Monophasic,Doppler is based on frequency shift and color coding depends on the direction of blood flow Direction of blood flow:- Flow towards the probe- Red- Flow away from probe- Blue Intensity of color depends on velocity of flow Doppler effect: change in frequency because of relative motion between moving source of sound and observer. Direction of flow Color doppler showing CCA bifurcation Spectral doppler: Cursor is placed into the area of blood vessel we want to trace and its velocity is measured.An angle has to be maintained to obtain a proper image- Ideal angle = 0o (practically not possible)- Optimal angle = 45o-60o (never 90o) Spectral doppler of aeries Low resistance High resistance Example: Brain aeries ICA CCA VA- Renal aeries| Monophasic with pattern pulsatility Example: - Extremity aeries ECA | Triphasic pattern Normal Peripheral Aerial Waveform Triphasic waveform Initial high velocity forward flow component Early diastolic reverse flow component Late diastolic forward flow component Narrow systolic window Venous doppler:- It is Monophasic- during free breathing variations in amplitude due to cardiac and respiratory phasicity- In breath hold- pressure changes of . Atrium are reflected back in the major veins,no_rag,ollama,llama3:latest,ollama,llama3:latest,gemini,gemini-2.5-flash,gemini-2.5-flash,B,Biphasic,False,,,,FACTUAL_ERROR,"```json
{
  ""label"": """",
  ""reason"": ""The model incorrectly states that venous blood flow in the lower limb is 'Biphasic'. Medically, normal venous blood flow in the lower limb is characterized as 'Monophasic', as explicitly stated in the gold explanation. This is a direct factual inaccuracy regarding the characteristic Doppler waveform of venous flow.""
}
```",2026-04-16T15:09:20.717056+00:00
ac6be140-880b-40c6-9855-01f30c8dd7b2,"The source of calcium ions of a calcific bridge in a
tooth in which calcium hydroxide pulpotomy has been
performed is:",Blood vessel borne,Derided cells,Dentin,From the calcium hydroxide,A,Blood vessel borne,,no_rag,ollama,llama3:latest,ollama,llama3:latest,gemini,gemini-2.5-flash,gemini-2.5-flash,D,From the calcium hydroxide,False,,,,FACTUAL_ERROR,"```json
{
  ""label"": """",
  ""reason"": ""The model incorrectly states that the calcium ions for the calcific bridge come directly from the calcium hydroxide material. In reality, while calcium hydroxide induces the formation of the bridge, the calcium ions incorporated into the reparative dentin are derived from the patient's own blood supply, delivered via the blood vessels within the pulp tissue. This is a fundamental medical factual error regarding the source of minerals for tissue repair.""
}
```",2026-04-16T15:09:22.520023+00:00
7111d7b2-7e80-4e23-b5d0-9f42595c6a80,"2, 3-BPG binds to sites of haemoglobin and the affinity for oxygen","4, decreases","1, decreases","4, increases","1, increases",B,"1, decreases","1, decreases2,3-BPG binds to 1 site of haemoglobin and decreases the affinity for oxygen.2, 3 Bisphosphoglycerate (2,3- BPG) or 2,3 Diphosphoglycerate 2,3- DPG)It is most abundant organic phosphate in RBC.",no_rag,ollama,llama3:latest,ollama,llama3:latest,gemini,gemini-2.5-flash,gemini-2.5-flash,A,"4, decreases",False,,,,FACTUAL_ERROR,"```json
{
  ""label"": """",
  ""reason"": ""The model incorrectly states that 2,3-BPG binds to 4 sites on haemoglobin. Factually, 2,3-BPG binds to a single site in the central cavity of deoxyhemoglobin. While the model correctly identified that 2,3-BPG decreases oxygen affinity, the first part of its answer is a direct factual inaccuracy.""
}
```",2026-04-16T15:09:23.808390+00:00
406b5b4f-9ad4-42c0-9669-12d038df4ac8,Highest concentration of oxygen is delivered through?,Nasal cannula,Venturi mask,Bag and mask,Mask with reservoir,C,Bag and mask,Bag and mask-100% O2 Venturi mask- 60% O2 Nasal cannula - 40% O2 Mask with reservoir- 80-90% O2,no_rag,ollama,llama3:latest,ollama,llama3:latest,gemini,gemini-2.5-flash,gemini-2.5-flash,A,Nasal cannula,False,,,,FACTUAL_ERROR,"```json
{
  ""label"": """",
  ""reason"": ""The model incorrectly chose Nasal cannula (delivering ~40% O2) as the device for highest oxygen concentration, while the correct answer is Bag and mask (delivering 100% O2). This is a direct factual inaccuracy regarding the oxygen delivery capabilities of the devices.""
}
```",2026-04-16T15:09:25.100792+00:00
8d2e7fe2-3354-44c2-8cdf-55ff23caaebb,Sharpest cusp is seen in,Upper Canine,Lower Canine,Upper Premolar,Lower premolar,A,Upper Canine,,no_rag,ollama,llama3:latest,ollama,llama3:latest,gemini,gemini-2.5-flash,gemini-2.5-flash,A,Upper Canine,True,,,,,,2026-04-16T15:09:26.391924+00:00
7f0270fd-7d45-43ec-b77e-0038115bb845,A mother is Hbs Ag positive and anti Hbe Ag positive. Risk of transmission of Hep. B in child is:,20%,50%,0%,90%,A,20%,"Before answering these questions lets first discuss hepatitis in brief. Maternal infection: The acute infection is manifested by flu like illness as malaise, anorexia, nausea and vomiting. In majority, it remains asymptomatic. Jaundice is rare and fever is uncommon. Clinical course (HBV): Nearly 90–95% of patients clear the infection and have full recovery. 1% develop fulminant hepatitis resulting massive hepatic necrosis. 10-15% become chronic and 10% of these chronic cases suffer from chronic active hepatitis, cirrhosis and hepatocellular carcinoma. Diagnosis is confirmed by serological detection of HBsAg, HBeAg (denote high infectivity) and antibody to hepatitis B core antigen (HBcAg) and HBV DNA titer (107–1011). Screening: All pregnant women should be screened for HBV infection at first antenatal visit and it should be repeated during the third trimester for ‘high risk’ groups (intravenous drug abusers, sexual promiscuity, hemophilics, patients on hemodialysis or having multiple sex partners). Hepatitis C (HCV): It is recognized as the major cause of non-A, non-B hepatitis worldwide and is the leading cause of transfusion associated hepatitis. Transmission is mainly blood borne and to a lesser extent by faecal-oral route. It is responsible for chronic active hepatitis and hepatic failure. Perinatal transmission (10–40%) is high when coinfected with HIV and HBV. Detection is by antibody to HCV by EIA, which develops usually late in the infection. Confirmation is done by recombinant immunoblot assay (RIBA-3). Chronic carrier state is present. Breastfeeding is not contraindicated. Hepatitis D (HDV): It is seen in patients infected with HBV either as a co-infection or super infection. Perinatal transmission is known. Hepatitis E (HEV): Hepatitis E is the most important cause of non-A, non-B hepatitis in developing countries like India. Chronic carrier state is present. Perinatal transmission is uncommon. Maternal mortality is very high (15–20%).",no_rag,ollama,llama3:latest,ollama,llama3:latest,gemini,gemini-2.5-flash,gemini-2.5-flash,B,50%,False,,,,FACTUAL_ERROR,"```json
{
  ""label"": """",
  ""reason"": ""The model incorrectly states the risk of Hepatitis B transmission from a mother who is Hbs Ag positive and anti Hbe Ag positive as 50%. The medically established risk for this specific serological profile (HBsAg positive, anti-HBe positive) is approximately 10-30%, with 20% being a commonly cited figure, indicating a lower infectivity compared to HBeAg positive mothers. The model's answer of 50% is factually incorrect for this clinical scenario.""
}
```",2026-04-16T15:09:27.570732+00:00
8b9a0e04-4281-418a-aa94-7414a325732f,"In a patient with competent lips together at rest, the lip
line is opposite the tips of the upper incisors. The lip line is then described as",Average,High,Incomplete,Low,D,Low,,no_rag,ollama,llama3:latest,ollama,llama3:latest,gemini,gemini-2.5-flash,gemini-2.5-flash,B,High,False,,,,FACTUAL_ERROR,"```json
{
 ""label"": """",
 ""reason"": ""The model incorrectly identifies a lip line opposite the tips of the upper incisors as 'High'. In dental and orthodontic terminology, this position, where the upper lip covers most of the incisors and is at or below their tips, is described as a 'Low' lip line. A 'High' lip line would expose more of the upper teeth and potentially gingiva, meaning the lip line would be above the incisal tips. The model's answer is a direct factual contradiction of the described clinical scenario.""
}
```",2026-04-16T15:09:28.847299+00:00
a3da135a-a6a2-4e1c-8823-8ab0913f5668,"A patient presented to emergency with overdose some drug. There were increased salivation and increased bronchial secretions. On examination, blood pressure was 88/60 mmHg. RBC esterase level is 50. What should be the treatment of this person?",Neostigmine,Atropine,Flumazenil,Physostigmine,B,Atropine,"Low esterase levels are suggestive of overdose of some drug which acts by inhibiting acetyl choline esterase like organophosphate poisoning. Inhibition of choline esterase results In increased amount of Ach at synapse, so poisoning or overdose results in cholinergic symptoms like salivation, lacrimation, urination, emesis, increased bronchial secretions, reduction in blood pressure.So treatment Of choice is Atropine. Atropine -It is highly effective in counter-acting the muscarinic symptoms, but higher doses are required to antagonize the central effects. It does not reverse peripheral muscular paralysis which is a nicotinic action. All cases of anti-ChE (carbamate or organophosphate) poisoning must be promptly given atropine2 mg i.v. repeated every 10 min till dryness of mouth or other signs of atropinization appear (upto 200 mg has been administered in a day). Continued treatment with maintenance doses may be required for 1-2 weeks. Neostigmine and physostigmine worsens the signs and symptoms as these also act by inhibiting choline esterase. Physostigmine and flumazenil are respectively used for Atropine and benzodiazepines poisoning.",no_rag,ollama,llama3:latest,ollama,llama3:latest,gemini,gemini-2.5-flash,gemini-2.5-flash,D,Physostigmine,False,,,,FACTUAL_ERROR,"```json
{
 ""label"": """",
 ""reason"": ""The model chose Physostigmine, which is an acetylcholinesterase inhibitor. The patient's symptoms are due to an overdose of an acetylcholinesterase inhibitor (organophosphate poisoning), leading to a cholinergic crisis. Administering Physostigmine would further inhibit acetylcholinesterase, exacerbating the patient's condition and is medically contraindicated. This is a fundamental factual error regarding the appropriate treatment for the presented medical emergency.""
}
```",2026-04-16T15:09:30.749226+00:00
7751b7ed-6aa4-4b9a-a03c-bb991a2936db,The current bar clasp design used is:,Mesio-occlusal rest,Disto-occlusal rest,Mesial or distal depending on the situation,Choice of the dentist,A,Mesio-occlusal rest,,no_rag,ollama,llama3:latest,ollama,llama3:latest,gemini,gemini-2.5-flash,gemini-2.5-flash,A,Mesio-occlusal rest,True,,,,,,2026-04-16T15:09:32.055776+00:00
159339f1-1545-47f6-9aad-47c1282458b4,All of the following are true regarding Class-II inlay gingival margins preparation except?,Removal of week enamel rods,Increased metal burnishability,Lap sliding fit of metal margin,Margins of restoration in self-cleansable area,D,Margins of restoration in self-cleansable area,,no_rag,ollama,llama3:latest,ollama,llama3:latest,gemini,gemini-2.5-flash,gemini-2.5-flash,A,Removal of week enamel rods,False,,,,FACTUAL_ERROR,"```json
{
  ""label"": """",
  ""reason"": ""The model incorrectly identified option A ('Removal of week enamel rods') as the exception (i.e., the false statement) regarding Class-II inlay gingival margins preparation. In fact, the removal of unsupported or 'weak' enamel rods is a standard and medically correct principle in cavity preparation, including for Class II inlays, to prevent marginal fracture. Therefore, the model made a factual error in its understanding of the truthfulness of statement A in this context.""
}
```",2026-04-16T15:09:33.809058+00:00
b6149b01-79a9-4d07-8cbc-828452b3906e,Breakdown of periodontal fibres in periodontitis is due to bacterial enzyme: (OR) Which of the following bacterial products have been implicated in initiation of inflammatory periodontal disease?,Collagenase,Hyaluronidase,Coagulase,None of the above,A,Collagenase,,no_rag,ollama,llama3:latest,ollama,llama3:latest,gemini,gemini-2.5-flash,gemini-2.5-flash,A,Collagenase,True,,,,,,2026-04-16T15:09:35.654330+00:00
f0f91922-12fd-4213-871c-19e47532a6d6,"In a study, two groups of newborns are checked for their weights based on whether their mothers received food supplements or not. The appropriate test which can be used for comparing the data is:",Chi square test,Paired T-test,Student's T-test,Fischer exact test,C,Student's T-test,"Student's T-test(quantitative variable (weight) in two unrelated group of people.Hence, ""Student's t-test"" used.Student t-test:Used when outcome variable is normally distributed in population (for quantitative data).Ex: BP, blood glucose.",no_rag,ollama,llama3:latest,ollama,llama3:latest,gemini,gemini-2.5-flash,gemini-2.5-flash,C,Student's T-test,True,,,,,,2026-04-16T15:09:37.432261+00:00
3624dceb-9318-4aa7-add1-b4c2fbac3065,Which vitamin is required for glycogen Phosphorylase?,PLP,TPP,Riboflavin,Lipoic acid,A,PLP,"Glycogen phosphorylase is the rate limiting enzyme of glycogenolysis. And it requires PLP. The active form of vitamin B6 is the coenzyme pyridoxal phosphate (PLP) PLP can be synthesized from the three compounds pyridoxine, pyridoxal and pyridoxamine. This PLP for this enzyme Glycogen phosphorylase is not required as co-enzyme, but it act as a phosphate donor. Enzyme glycogen phosphorylase will cut glycogen a (1-4) bond apa and the glucose released are transferred in Glucose-1-phosphate and that phosphate is taken from PLP.",no_rag,ollama,llama3:latest,ollama,llama3:latest,gemini,gemini-2.5-flash,gemini-2.5-flash,A,PLP,True,,,,,,2026-04-16T15:09:38.767023+00:00
7b81cd07-3765-4f50-8b28-a88576f4223e,"A child's behaviour is traced to have dental difficulties
from	his	mother.	The	most	satisfactory	method	of
handling the situation is to:",Introduce another child as a good example,Modify his fear by familiarization,Use small amounts of barbiturates,Use firmness,B,Modify his fear by familiarization,,no_rag,ollama,llama3:latest,ollama,llama3:latest,gemini,gemini-2.5-flash,gemini-2.5-flash,B,Modify his fear by familiarization,True,,,,,,2026-04-16T15:09:40.543462+00:00
e845e625-845e-4d02-ab3f-e00f2284d62e,Which of the following is the only complete cailage ring in the respiratory tree?,Cricoid cailage,Thyroid cailage,Cunieform cailage,Epiglottis,A,Cricoid cailage,(Cricoid cailage)(: BDC 5/e Vol lII/p238)Complete cailage ring is seen in Cricoid cailage.Cricoid cailage is shaped like a ring. It encircles the larynx below the thyroid cailage. It is thicker and stronger than the thyroid cailage.,no_rag,ollama,llama3:latest,ollama,llama3:latest,gemini,gemini-2.5-flash,gemini-2.5-flash,A,Cricoid cailage,True,,,,,,2026-04-16T15:09:42.358428+00:00
fb79561d-8beb-4a31-aaa5-9350e20b0caa,Steps of intubation - arrange in sequence:- a. Head extension and flexion of neck b. Introduction of laryngoscope c. Inflation of cuff d. Check breath sounds with stethoscope e. fixation of the tube to prevent dislodgement,ABCDE,DBCEA,ACBED,CBAED,A,ABCDE,"For intubation: 1st step: Morning sniffing position: extension of atlanto-occipital joint and flexion of neck. 2nd step: Introduction of laryngoscope 3rd step: Push the tongue away, visualize the epiglottis, aryepiglottic fold, hinge the tip of laryngoscope with aryepiglottic fold and lift the laryngoscope to visualize the glottic opening. 4th step: Introduce ETT and inflate the cuff 5th check for bilateral breath sound FIXATION of the ETT.",no_rag,ollama,llama3:latest,ollama,llama3:latest,gemini,gemini-2.5-flash,gemini-2.5-flash,C,ACBED,False,,,,FACTUAL_ERROR,"```json
{
  ""label"": """",
  ""reason"": ""The model's chosen sequence (ACBED) contains a critical factual error in the order of intubation steps. It places 'Inflation of cuff' (c) before 'Introduction of laryngoscope' (b), which is medically incorrect. The laryngoscope must be introduced to visualize the glottis and allow tube insertion before the cuff can be inflated. Additionally, it places 'Fixation of the tube' (e) before 'Check breath sounds with stethoscope' (d), which is also an incorrect procedural order, as confirmation of tube placement via breath sounds should precede final fixation.""
}
```",2026-04-16T15:09:44.180244+00:00
67add9f9-94b5-40b2-904d-fb4965fb8309,In Erythroblastosis fetalis not involved is –,Anti C,Anti D,Anti E,Anti Lewis,D,Anti Lewis,"Erythroblastosis fetalis is caused by the transplacental passage of maternal antibody active against paternal RBC antigens of the infant and is characterized by an increased rate of RBC destruction. Although more than 60 different RBC antigens are capable of eliciting an antibody response, significant disease is associated primarily D antigen of Rh group and with A 0 incompatibility. Other rare antigens involved are - C or E antigen of Rh group RBC antigens - Cw, Cx, Cu, K (kell), M, Duffy, S, P, MNS, Xg, Lutheran, Diego and Kidd. Anti-Lewis antibodies do not cause disease.",no_rag,ollama,llama3:latest,ollama,llama3:latest,gemini,gemini-2.5-flash,gemini-2.5-flash,B,Anti D,False,,,,FACTUAL_ERROR,"```json
{
  ""label"": """",
  ""reason"": ""The question asks which antibody is *not* involved in Erythroblastosis fetalis. The model chose 'Anti D'. However, Anti D antibodies (Rh incompatibility) are the *primary* cause of severe Erythroblastosis fetalis, as explicitly stated in the gold explanation. Choosing Anti D as 'not involved' is a direct factual contradiction regarding the etiology of the disease.""
}
```",2026-04-16T15:09:45.424148+00:00
6bfe528d-3481-47e2-bc3d-d38c56b5f0cc,"A dentist suffered from Hepatitis B infection 3 months back. His laboratory tests are normal, but he is not allowed by the medical board to do surgical practice. He is:",Inactive carrier,Healthy carrier,Convalescent carrier,Paradoxical carrier,C,Convalescent carrier,"Convalescent carrier is the host who continues to harbor the microorganism even after recovering from the clinical disease caused by the same pathogen. Key Points HBsAg: The antigen appears in blood during incubation period and is detectable in most patients during the prodrome and acute phase of the disease. Persistent presence of HBsAg in blood for at least 6 months indicates the carrier state and also indicates the risk of chronic hepatitis and hepatic carcinoma. It is not detectable in the serum during convalescent stage. The presence of HBsAg alone does not necessarily indicate the replication of complete virion, and the patients may not have symptoms of liver damage. Parija SC. Textbook of Microbiology & Immunology. Elsevier Health Sciences; 2014. Page:74,553",no_rag,ollama,llama3:latest,ollama,llama3:latest,gemini,gemini-2.5-flash,gemini-2.5-flash,C,Convalescent carrier,True,,,,,,2026-04-16T15:09:47.328861+00:00
26a782ca-42b0-441b-a24f-3a368f66727c,A pediatrician in a district hospital with specialization neonatal care unit calls an ophthalmologist for consultation for which of the following?,A newborn with respiratory distress,A baby born at 28 weeks of gestation,Newborn with jaundice,A newborn with bih weight 2300 grams,B,A baby born at 28 weeks of gestation,A baby born at 28 weeks of gestationPremature baby needs to be screenedfor Retinopathy of prematurity.All babies weighing <1500 gm or having a gestational period <32 weeks should be screened with indirect ophthalmoscopybetween 32-36 weeks postconception.,no_rag,ollama,llama3:latest,ollama,llama3:latest,gemini,gemini-2.5-flash,gemini-2.5-flash,B,A baby born at 28 weeks of gestation,True,,,,,,2026-04-16T15:09:49.234932+00:00
641f160f-eef0-4b8c-9cb8-3241d2d63173,"In a child with active liver failure, the most important prognosis factor for death is –",Increasing transaminases,Increasing bilirubin,Increasing prothrombin time,Gram (–)ve sepsis,D,Gram (–)ve sepsis,"Prognosis of hepatic failure in children Children with hepatic failure have somewhat better prognosis. The prognosis varies considerably with - i) Cause of liver failure ii) Stage of hepatic encephalopathy Poor prognostic factors for mortality If cause of liver failure is —> Wilson disease, idiopathic Stage IV coma —> Most common cause of death is brain stem herniation Age < I year Sepsis Severe hemorrhage Renal failure , Need for dialysis before transplantation For option b & c - ""Pretransplant serum bilirubin concentration and the INR (prothrombin time) of coagulation are not predictive of post transplant survival"".",no_rag,ollama,llama3:latest,ollama,llama3:latest,gemini,gemini-2.5-flash,gemini-2.5-flash,C,Increasing prothrombin time,False,,,,FACTUAL_ERROR,"```json
{
  ""label"": """",
  ""reason"": ""The model chose 'Increasing prothrombin time' as the most important prognosis factor for death in a child with active liver failure. The gold explanation explicitly states that 'the INR (prothrombin time) of coagulation are not predictive of post transplant survival', directly contradicting the model's choice regarding its prognostic significance. The correct answer, 'Gram (–)ve sepsis', is listed as a poor prognostic factor for mortality. Therefore, the model's chosen option is medically and factually incorrect as the most important prognostic factor.""
}
```",2026-04-16T15:09:50.538794+00:00
3a13e9bb-48ab-46c1-9d50-e1612840d922,"A patient went into shock immediately after normal delivery, likely cause:",Amniotic fluid embolism,PPH,Uterine inversion,Eclampsia,C,Uterine inversion,"Friends this is one of those questions where we can derive the answer by excluding other options as very little information has been provided to us. Sudden post partum collapse – may be seen in all the four cases viz – amniotic fluid embolism, PPH, uterine inversion and eclampsia. But in case of PPH antecedent H/O excessive blood loss, in eclampsia – H/O antecedent convulsions and in amniotic fluid embolism – H/O abrupt onset of respiratory distress before collapse should be present, which is not given in the question so these options are being excluded. The clinical picture of acute inversion occurring in the third stage of labour is characterised by shock and haemorrhage, the shock being out of proportion to the bleeding. Since this a problem which occurs due to mismanaged third stage of labour, patient doesnot have any complain in the antenatal period or during labour. Uterine inversion – “It should be suspected whenever a woman has unexplained postpartum collapse.” Textbook of Obs, Sheila Balakrishnan, p 489",no_rag,ollama,llama3:latest,ollama,llama3:latest,gemini,gemini-2.5-flash,gemini-2.5-flash,A,Amniotic fluid embolism,False,,,,REASONING_FAILURE,"```json
{
  ""label"": """",
  ""reason"": ""The model chose 'Amniotic fluid embolism,' which is a known cause of postpartum shock. However, the gold explanation clarifies that amniotic fluid embolism typically presents with abrupt onset of respiratory distress *before* collapse, which is not mentioned in the question. The correct answer, 'Uterine inversion,' is the most likely cause when shock is 'unexplained' or 'out of proportion' to bleeding, and without other specific preceding symptoms. The model failed to make the correct inference and distinction based on the *absence* of specific differentiating symptoms in the question, leading to an incorrect assessment of the 'likely cause'.""
}
```",2026-04-16T15:09:51.847193+00:00
9bad2095-2dd9-4485-946a-4ef51d16e8a4,"A patient presented with flat topped violaceous papules, thinning of nails and onycholysis. What is the microscopic finding observed in this patient?",Prominent necrotic cell,Suprabasal split,Basal cell degeneration,Acantholysis,C,Basal cell degeneration,Basal degeneration,no_rag,ollama,llama3:latest,ollama,llama3:latest,gemini,gemini-2.5-flash,gemini-2.5-flash,B,Suprabasal split,False,,,,FACTUAL_ERROR,"```json
{
  ""label"": """",
  ""reason"": ""The clinical presentation (flat topped violaceous papules, thinning of nails, onycholysis) is characteristic of Lichen Planus, for which 'Basal cell degeneration' is a key microscopic finding. The model's chosen option, 'Suprabasal split', is characteristic of Pemphigus Vulgaris, a completely different dermatological condition with distinct clinical and microscopic features. The model has selected a medically incorrect finding for the presented patient scenario.""
}
```",2026-04-16T15:09:53.742437+00:00
86da0aa9-4ee5-4d2d-909b-e40e20b97d1c,Which of the following is not. true regarding myelopathy?,Sensory loss of facial area,Brisk jaw jerk,Brisk pectoral jerk,Urgency and incontinence of micturition,B,Brisk jaw jerk,"Brisk jaw jerk(: De Jongs Neurological examination/ p194, 201, 474.'Jaw jerk is exaggerated in supranuclear lesions that are above the mid pons.",no_rag,ollama,llama3:latest,ollama,llama3:latest,gemini,gemini-2.5-flash,gemini-2.5-flash,B,Brisk jaw jerk,True,,,,,,2026-04-16T15:09:55.510130+00:00
ddb3f2a6-295a-4d4b-8478-5c15049b62a8,Which of the following committees has recommended a 3-year bachelor degree in medical education for rural health service?,High level expe group of universal health program for india,Central bureau of health investigation,Srivastava committee,Sundar committee,A,High level expe group of universal health program for india,High level expe group of universal health program for indiaConcept of 3 years bachelor para-medical course for rural health service was proposed by Ministry of health and family welfare and received backing of Planning Commission of India's High level expe group of universal health program.,no_rag,ollama,llama3:latest,ollama,llama3:latest,gemini,gemini-2.5-flash,gemini-2.5-flash,C,Srivastava committee,False,,,,FACTUAL_ERROR,"```json
{
  ""label"": """",
  ""reason"": ""The model incorrectly identified the 'Srivastava committee' as the body that recommended a 3-year bachelor degree in medical education for rural health service. The correct body, as per the gold explanation, is the 'High level expe group of universal health program for india'. This is a direct factual inaccuracy regarding the source of the recommendation.""
}
```",2026-04-16T15:09:57.285057+00:00
7697c864-514c-4a73-8ce4-ea6cf0d0b651,Sequential arrangement of fetal scans -,Growth scan,Triple marker,Anomalous Scan and NT scan,All,D,All,"AllThe NT scan must be done between 11 and 14 weeks pregnant, because this is when the base of baby's neck is still transparent. (The last day for scan is 13 weeks and 6 days pregnant.)Triple marker test is performed in pregnant women at the end of first trimester and the beginning of the second trimester.The anomaly scan, also sometimes called the anatomy scan, 20 week ultrasound, or level 2 ultrasound, is a pregnancy ultrasound performed between 18-22 weeksA growth scan is an ultrasound scan that determines whether your baby's growth is normal. Doctors typically recommend it for women during the third trimester of pregnancy; one of the reasons it is also a fetal growth scan between 28 weeks and 32 weeks of pregnancy.",no_rag,ollama,llama3:latest,ollama,llama3:latest,gemini,gemini-2.5-flash,gemini-2.5-flash,A,Growth scan,False,,,,REASONING_FAILURE,"```json
{
  ""label"": """",
  ""reason"": ""The question asks for the 'Sequential arrangement of fetal scans'. The correct answer 'D) All' correctly identifies that NT scan, Triple marker, Anomalous Scan, and Growth scan are all part of the sequential arrangement of fetal scans throughout pregnancy. The model chose 'A) Growth scan', which is indeed a fetal scan, but failed to infer that all the other options (B and C) are also part of this sequence, making 'All' the most comprehensive and correct answer. This indicates a failure in making the correct inference or distinction among the given options to select the most appropriate answer that encompasses the full scope of the question.""
}
```",2026-04-16T15:09:58.563592+00:00
9a3940ff-8c7a-492c-86d4-259c47cef675,Which one of the following is a muscle splitting incision?,Kocher's incision,Rutherford-Morrison incision,Pfannenstiel incision,Lanz incision,D,Lanz incision,"Lanz incisionLanz incision:An oblique (transverse skin crease), muscle splitting incision used for an appendectomy.A modification of McBurney's (Grid Iron) incision.Advantages:Considered cosmetically better.Exposure is better.The extension is easier.Measurements:Incision, appropriate in length to size & obesity of patient - Approximately 2 cm below umbilicus centered on the midclavicular-mid inguinal line.It can be extended medially - With retraction or suitable division of rectus abdominis muscle.",no_rag,ollama,llama3:latest,ollama,llama3:latest,gemini,gemini-2.5-flash,gemini-2.5-flash,D,Lanz incision,True,,,,,,2026-04-16T15:09:59.849050+00:00
98ae0eca-84e2-4b3c-95e3-2920fafef1e8,Multiple canals in mandibular premolars are seen in?,Africas,Caucians,Not Recalled,Not Recalled,A,Africas,,no_rag,ollama,llama3:latest,ollama,llama3:latest,gemini,gemini-2.5-flash,gemini-2.5-flash,A,Africas,True,,,,,,2026-04-16T15:10:01.165665+00:00
5ce754b8-b358-4270-9bd1-8828700a19b1,Which of the following blade angle is appropriate for scaling and root planing,A,B,C,D,B,B,"Blade angulation. (A) 0 degrees: correct angulation for blade insertion. (B) 45 to 90 degrees: correct angulation for scaling and root planing. (C) less than 45 degrees: incorrect angulation for scaling and root planing. (d) More than 90 degrees: incorrect angulation for scaling and root planing, but correct angulation for gingival curettage.",no_rag,ollama,llama3:latest,ollama,llama3:latest,gemini,gemini-2.5-flash,gemini-2.5-flash,A,A,False,,,,FACTUAL_ERROR,"```json
{
  ""label"": """",
  ""reason"": ""The model chose 'A' (0 degrees) as the appropriate blade angle for scaling and root planing. Medically, 0 degrees is the correct angulation for blade insertion, not for the actual scaling and root planing stroke. The correct angulation for scaling and root planing is 45 to 90 degrees (Option B). Therefore, the model's answer is factually incorrect regarding the procedure specified in the question.""
}
```",2026-04-16T15:10:02.558101+00:00
849b1909-c988-4d0b-8eaf-a716707cbe97,Which pa of brachial plexus do not give branches,Root,Division,Cord,Trunk,B,Division,DivisionDivision does not give branches,no_rag,ollama,llama3:latest,ollama,llama3:latest,gemini,gemini-2.5-flash,gemini-2.5-flash,A,Root,False,,,,FACTUAL_ERROR,"```json
{
  ""label"": """",
  ""reason"": ""The model incorrectly identified 'Root' as the part of the brachial plexus that does not give branches. This is factually incorrect, as roots (e.g., C5) give off branches like the dorsal scapular nerve and the long thoracic nerve. Divisions, the correct answer, are the parts that typically do not give off named branches.""
}
```",2026-04-16T15:10:03.925722+00:00
07d58883-b752-4898-ab70-a1df892ef7bd,"If the Rb gene phosphorylation is defective, which of the following will happen?",Cell cycle will stop at GI phase,Cell cycle will stop at G2 phase,The cell cycle will progress and the cell will divide,There will be no effect on cell cycle as for Rb gene phosphorylation is not needed,A,Cell cycle will stop at GI phase,"Cell cycle will stop at GI phaseRb is a tumor suppressor gene. It normally arrests cell division at G1-S phase. Phosphorylation of Rb gene allows the cell to divide, hence inhibition of phosphorylation (which is the constitutive scenario for Rb gene) arrests the cell in GI phase.RB (Retinoblastoma) geneLocated on chromosome on 13q14Tumor suppressive pocket protein that binds E2F transcription factors in hypophophorylated stateKey negative regulator of G1/S cell cycle transition . Tumors associated: Retinoblastoma, osteosarcoma, Glioblastoma, small cell carcinoma of lung, CA breast & CA bladderSequence: Go- G1- S- G2 - M",no_rag,ollama,llama3:latest,ollama,llama3:latest,gemini,gemini-2.5-flash,gemini-2.5-flash,A,Cell cycle will stop at GI phase,True,,,,,,2026-04-16T15:10:05.937608+00:00
66b9ec80-bfe0-485a-89ae-42e666aab572,Cumulative index is:,Russet's periodontal index,Ramjford's periodontal index,PMA (Massler and Schlour),Gingival index (Loe and Silness),C,PMA (Massler and Schlour),,no_rag,ollama,llama3:latest,ollama,llama3:latest,gemini,gemini-2.5-flash,gemini-2.5-flash,D,Gingival index (Loe and Silness),False,,,,FACTUAL_ERROR,"```json
{
  ""label"": """",
  ""reason"": ""The question asks for a 'Cumulative index'. The correct option, PMA (Massler and Schlour), is indeed considered a cumulative index for gingival inflammation. The model's chosen option, Gingival index (Loe and Silness), is an index for assessing the *current status* and severity of gingival inflammation, but it is not classified as a cumulative index. Therefore, the model made a factual error in identifying the correct type of index.""
}
```",2026-04-16T15:10:07.368349+00:00
0e46082c-1abc-4330-a12d-6948554559a2,The cells which will proliferate from top to bottom of villi are:,Chief cells,Goblet cells,Paneth cells,Parietal cells,C,Paneth cells,"Paneth cells or zymogen cells are found only in the deeper parts of the intestinal crypts. They contain prominent eosinophilic secretory granules. They also contain high amount of zinc. They are known to produce lysozyme, defensins and TNF alpha that destroy bacteria. They exceptionally migrate towards the base of the crypts of Lieberkuhn instead of going toward the villi",no_rag,ollama,llama3:latest,ollama,llama3:latest,gemini,gemini-2.5-flash,gemini-2.5-flash,C,Paneth cells,True,,,,,,2026-04-16T15:10:08.659251+00:00
