id,mode,answer_provider,answer_model_name,verifier_provider,verifier_model_name,predicted_letter,correct_letter,is_correct,hallucination_label,hallucination_reason
45258d3d-b974-44dd-a161-c3fccbdadd88,no_rag,ollama,llama3:latest,gemini,gemini-2.5-flash,A,A,True,,
b944ada9-d776-4c2a-9180-3ae5f393f72d,no_rag,ollama,llama3:latest,gemini,gemini-2.5-flash,A,A,True,,
b64a9cd7-d076-4c55-8be1-f9c44fece6cc,no_rag,ollama,llama3:latest,gemini,gemini-2.5-flash,C,C,True,,
c6365cce-507c-40f6-90a2-46b867f47b6e,no_rag,ollama,llama3:latest,gemini,gemini-2.5-flash,A,C,False,REASONING_FAILURE,"```json
{
  ""label"": """",
  ""reason"": ""The model correctly identified 'Antegrade' as a type of axonal transport, which is semantically close to the correct answer 'Antegrade and retrograde'. However, it failed to infer or distinguish that axonal transport encompasses both antegrade and retrograde movement, thus providing an incomplete answer rather than a factually incorrect one.""
}
```"
72c1c5e0-b64f-4eef-bf22-ecfb60c5c19c,no_rag,ollama,llama3:latest,gemini,gemini-2.5-flash,A,A,True,,
17360c6c-2c98-4fe2-aa85-487dcf4678df,no_rag,ollama,llama3:latest,gemini,gemini-2.5-flash,A,A,True,,
62fa6f78-1964-4249-974b-6fcbbd7fc9ba,no_rag,ollama,llama3:latest,gemini,gemini-2.5-flash,A,A,True,,
ce49098b-cc48-4168-859e-936e3e0c7459,no_rag,ollama,llama3:latest,gemini,gemini-2.5-flash,A,B,False,FACTUAL_ERROR,"```json
{
  ""label"": """",
  ""reason"": ""The model incorrectly identified the Sphenopalatine artery as not being a branch of the external carotid artery. The Sphenopalatine artery is a branch of the maxillary artery, which is a terminal branch of the external carotid artery. This is a direct factual inaccuracy regarding arterial anatomy.""
}
```"
18d5c4a1-cb81-41a8-9bfc-b6f7dec431d2,no_rag,ollama,llama3:latest,gemini,gemini-2.5-flash,A,B,False,FACTUAL_ERROR,"```json
{
  ""label"": """",
  ""reason"": ""The model incorrectly identified the ECG pattern. Ventricular bigeminy (Model answer) and Electrical alternans (Correct answer) are distinct ECG findings with different characteristics (rhythm vs. QRS amplitude variation) and etiologies. The model's choice is a fundamental misidentification of the ECG finding, not a subtle distinction or incorrect inference between semantically close options.""
}
```"
de09d388-bd4e-42a9-ac6b-ee2d95f822e2,no_rag,ollama,llama3:latest,gemini,gemini-2.5-flash,D,B,False,REASONING_FAILURE,"```json
{
  ""label"": """",
  ""reason"": ""The model chose Tetralogy of Fallot (TOF), which shares features like oligaemic lung fields and a normal-sized heart with Pulmonary Atresia (PA). However, the question specifies 'A blue new born presents with cyanosis,' indicating cyanosis at birth. While some cases of TOF can present with cyanosis at birth, it is typically a later onset condition. Pulmonary Atresia, on the other hand, is characterized by cyanosis at birth. The model failed to make the correct inference and distinction based on the timing of cyanosis and the 'most likely diagnosis' prompt, thus selecting a less probable option over the more fitting one.""
}
```"
384a9281-2ee1-480b-a7d8-fd3ef49558e5,no_rag,ollama,llama3:latest,gemini,gemini-2.5-flash,B,B,True,,
ae860b65-53a5-4547-b627-494174e15c3c,no_rag,ollama,llama3:latest,gemini,gemini-2.5-flash,A,A,True,,
84d89a4f-db04-402d-88ab-ca39f6eee8bd,no_rag,ollama,llama3:latest,gemini,gemini-2.5-flash,B,B,True,,
b1cc4ab0-a82c-437a-88c2-00953f3618ff,no_rag,ollama,llama3:latest,gemini,gemini-2.5-flash,A,A,True,,
f184a533-98b4-43ad-b1f5-70edc6704d9e,no_rag,ollama,llama3:latest,gemini,gemini-2.5-flash,A,A,True,,
26160738-1887-4252-86d4-1719a5a80bd3,no_rag,ollama,llama3:latest,gemini,gemini-2.5-flash,B,B,True,,
6ccd8adb-af24-4e58-82a1-9219dfa37057,no_rag,ollama,llama3:latest,gemini,gemini-2.5-flash,A,A,True,,
e38402c3-69bf-40a8-90c4-09277ca352eb,no_rag,ollama,llama3:latest,gemini,gemini-2.5-flash,D,D,True,,
9078aaca-bbfd-41cd-ad69-03057fca84ba,no_rag,ollama,llama3:latest,gemini,gemini-2.5-flash,B,A,False,FACTUAL_ERROR,"```json
{
  ""label"": """",
  ""reason"": ""The model incorrectly states that venous blood flow in the lower limb is 'Biphasic'. Medically, normal venous blood flow in the lower limb is characterized as 'Monophasic', as explicitly stated in the gold explanation. This is a direct factual inaccuracy regarding the characteristic Doppler waveform of venous flow.""
}
```"
ac6be140-880b-40c6-9855-01f30c8dd7b2,no_rag,ollama,llama3:latest,gemini,gemini-2.5-flash,D,A,False,FACTUAL_ERROR,"```json
{
  ""label"": """",
  ""reason"": ""The model incorrectly states that the calcium ions for the calcific bridge come directly from the calcium hydroxide material. In reality, while calcium hydroxide induces the formation of the bridge, the calcium ions incorporated into the reparative dentin are derived from the patient's own blood supply, delivered via the blood vessels within the pulp tissue. This is a fundamental medical factual error regarding the source of minerals for tissue repair.""
}
```"
7111d7b2-7e80-4e23-b5d0-9f42595c6a80,no_rag,ollama,llama3:latest,gemini,gemini-2.5-flash,A,B,False,FACTUAL_ERROR,"```json
{
  ""label"": """",
  ""reason"": ""The model incorrectly states that 2,3-BPG binds to 4 sites on haemoglobin. Factually, 2,3-BPG binds to a single site in the central cavity of deoxyhemoglobin. While the model correctly identified that 2,3-BPG decreases oxygen affinity, the first part of its answer is a direct factual inaccuracy.""
}
```"
406b5b4f-9ad4-42c0-9669-12d038df4ac8,no_rag,ollama,llama3:latest,gemini,gemini-2.5-flash,A,C,False,FACTUAL_ERROR,"```json
{
  ""label"": """",
  ""reason"": ""The model incorrectly chose Nasal cannula (delivering ~40% O2) as the device for highest oxygen concentration, while the correct answer is Bag and mask (delivering 100% O2). This is a direct factual inaccuracy regarding the oxygen delivery capabilities of the devices.""
}
```"
8d2e7fe2-3354-44c2-8cdf-55ff23caaebb,no_rag,ollama,llama3:latest,gemini,gemini-2.5-flash,A,A,True,,
7f0270fd-7d45-43ec-b77e-0038115bb845,no_rag,ollama,llama3:latest,gemini,gemini-2.5-flash,B,A,False,FACTUAL_ERROR,"```json
{
  ""label"": """",
  ""reason"": ""The model incorrectly states the risk of Hepatitis B transmission from a mother who is Hbs Ag positive and anti Hbe Ag positive as 50%. The medically established risk for this specific serological profile (HBsAg positive, anti-HBe positive) is approximately 10-30%, with 20% being a commonly cited figure, indicating a lower infectivity compared to HBeAg positive mothers. The model's answer of 50% is factually incorrect for this clinical scenario.""
}
```"
8b9a0e04-4281-418a-aa94-7414a325732f,no_rag,ollama,llama3:latest,gemini,gemini-2.5-flash,B,D,False,FACTUAL_ERROR,"```json
{
 ""label"": """",
 ""reason"": ""The model incorrectly identifies a lip line opposite the tips of the upper incisors as 'High'. In dental and orthodontic terminology, this position, where the upper lip covers most of the incisors and is at or below their tips, is described as a 'Low' lip line. A 'High' lip line would expose more of the upper teeth and potentially gingiva, meaning the lip line would be above the incisal tips. The model's answer is a direct factual contradiction of the described clinical scenario.""
}
```"
a3da135a-a6a2-4e1c-8823-8ab0913f5668,no_rag,ollama,llama3:latest,gemini,gemini-2.5-flash,D,B,False,FACTUAL_ERROR,"```json
{
 ""label"": """",
 ""reason"": ""The model chose Physostigmine, which is an acetylcholinesterase inhibitor. The patient's symptoms are due to an overdose of an acetylcholinesterase inhibitor (organophosphate poisoning), leading to a cholinergic crisis. Administering Physostigmine would further inhibit acetylcholinesterase, exacerbating the patient's condition and is medically contraindicated. This is a fundamental factual error regarding the appropriate treatment for the presented medical emergency.""
}
```"
7751b7ed-6aa4-4b9a-a03c-bb991a2936db,no_rag,ollama,llama3:latest,gemini,gemini-2.5-flash,A,A,True,,
159339f1-1545-47f6-9aad-47c1282458b4,no_rag,ollama,llama3:latest,gemini,gemini-2.5-flash,A,D,False,FACTUAL_ERROR,"```json
{
  ""label"": """",
  ""reason"": ""The model incorrectly identified option A ('Removal of week enamel rods') as the exception (i.e., the false statement) regarding Class-II inlay gingival margins preparation. In fact, the removal of unsupported or 'weak' enamel rods is a standard and medically correct principle in cavity preparation, including for Class II inlays, to prevent marginal fracture. Therefore, the model made a factual error in its understanding of the truthfulness of statement A in this context.""
}
```"
b6149b01-79a9-4d07-8cbc-828452b3906e,no_rag,ollama,llama3:latest,gemini,gemini-2.5-flash,A,A,True,,
f0f91922-12fd-4213-871c-19e47532a6d6,no_rag,ollama,llama3:latest,gemini,gemini-2.5-flash,C,C,True,,
3624dceb-9318-4aa7-add1-b4c2fbac3065,no_rag,ollama,llama3:latest,gemini,gemini-2.5-flash,A,A,True,,
7b81cd07-3765-4f50-8b28-a88576f4223e,no_rag,ollama,llama3:latest,gemini,gemini-2.5-flash,B,B,True,,
e845e625-845e-4d02-ab3f-e00f2284d62e,no_rag,ollama,llama3:latest,gemini,gemini-2.5-flash,A,A,True,,
fb79561d-8beb-4a31-aaa5-9350e20b0caa,no_rag,ollama,llama3:latest,gemini,gemini-2.5-flash,C,A,False,FACTUAL_ERROR,"```json
{
  ""label"": """",
  ""reason"": ""The model's chosen sequence (ACBED) contains a critical factual error in the order of intubation steps. It places 'Inflation of cuff' (c) before 'Introduction of laryngoscope' (b), which is medically incorrect. The laryngoscope must be introduced to visualize the glottis and allow tube insertion before the cuff can be inflated. Additionally, it places 'Fixation of the tube' (e) before 'Check breath sounds with stethoscope' (d), which is also an incorrect procedural order, as confirmation of tube placement via breath sounds should precede final fixation.""
}
```"
67add9f9-94b5-40b2-904d-fb4965fb8309,no_rag,ollama,llama3:latest,gemini,gemini-2.5-flash,B,D,False,FACTUAL_ERROR,"```json
{
  ""label"": """",
  ""reason"": ""The question asks which antibody is *not* involved in Erythroblastosis fetalis. The model chose 'Anti D'. However, Anti D antibodies (Rh incompatibility) are the *primary* cause of severe Erythroblastosis fetalis, as explicitly stated in the gold explanation. Choosing Anti D as 'not involved' is a direct factual contradiction regarding the etiology of the disease.""
}
```"
6bfe528d-3481-47e2-bc3d-d38c56b5f0cc,no_rag,ollama,llama3:latest,gemini,gemini-2.5-flash,C,C,True,,
26a782ca-42b0-441b-a24f-3a368f66727c,no_rag,ollama,llama3:latest,gemini,gemini-2.5-flash,B,B,True,,
641f160f-eef0-4b8c-9cb8-3241d2d63173,no_rag,ollama,llama3:latest,gemini,gemini-2.5-flash,C,D,False,FACTUAL_ERROR,"```json
{
  ""label"": """",
  ""reason"": ""The model chose 'Increasing prothrombin time' as the most important prognosis factor for death in a child with active liver failure. The gold explanation explicitly states that 'the INR (prothrombin time) of coagulation are not predictive of post transplant survival', directly contradicting the model's choice regarding its prognostic significance. The correct answer, 'Gram (–)ve sepsis', is listed as a poor prognostic factor for mortality. Therefore, the model's chosen option is medically and factually incorrect as the most important prognostic factor.""
}
```"
3a13e9bb-48ab-46c1-9d50-e1612840d922,no_rag,ollama,llama3:latest,gemini,gemini-2.5-flash,A,C,False,REASONING_FAILURE,"```json
{
  ""label"": """",
  ""reason"": ""The model chose 'Amniotic fluid embolism,' which is a known cause of postpartum shock. However, the gold explanation clarifies that amniotic fluid embolism typically presents with abrupt onset of respiratory distress *before* collapse, which is not mentioned in the question. The correct answer, 'Uterine inversion,' is the most likely cause when shock is 'unexplained' or 'out of proportion' to bleeding, and without other specific preceding symptoms. The model failed to make the correct inference and distinction based on the *absence* of specific differentiating symptoms in the question, leading to an incorrect assessment of the 'likely cause'.""
}
```"
9bad2095-2dd9-4485-946a-4ef51d16e8a4,no_rag,ollama,llama3:latest,gemini,gemini-2.5-flash,B,C,False,FACTUAL_ERROR,"```json
{
  ""label"": """",
  ""reason"": ""The clinical presentation (flat topped violaceous papules, thinning of nails, onycholysis) is characteristic of Lichen Planus, for which 'Basal cell degeneration' is a key microscopic finding. The model's chosen option, 'Suprabasal split', is characteristic of Pemphigus Vulgaris, a completely different dermatological condition with distinct clinical and microscopic features. The model has selected a medically incorrect finding for the presented patient scenario.""
}
```"
86da0aa9-4ee5-4d2d-909b-e40e20b97d1c,no_rag,ollama,llama3:latest,gemini,gemini-2.5-flash,B,B,True,,
ddb3f2a6-295a-4d4b-8478-5c15049b62a8,no_rag,ollama,llama3:latest,gemini,gemini-2.5-flash,C,A,False,FACTUAL_ERROR,"```json
{
  ""label"": """",
  ""reason"": ""The model incorrectly identified the 'Srivastava committee' as the body that recommended a 3-year bachelor degree in medical education for rural health service. The correct body, as per the gold explanation, is the 'High level expe group of universal health program for india'. This is a direct factual inaccuracy regarding the source of the recommendation.""
}
```"
7697c864-514c-4a73-8ce4-ea6cf0d0b651,no_rag,ollama,llama3:latest,gemini,gemini-2.5-flash,A,D,False,REASONING_FAILURE,"```json
{
  ""label"": """",
  ""reason"": ""The question asks for the 'Sequential arrangement of fetal scans'. The correct answer 'D) All' correctly identifies that NT scan, Triple marker, Anomalous Scan, and Growth scan are all part of the sequential arrangement of fetal scans throughout pregnancy. The model chose 'A) Growth scan', which is indeed a fetal scan, but failed to infer that all the other options (B and C) are also part of this sequence, making 'All' the most comprehensive and correct answer. This indicates a failure in making the correct inference or distinction among the given options to select the most appropriate answer that encompasses the full scope of the question.""
}
```"
9a3940ff-8c7a-492c-86d4-259c47cef675,no_rag,ollama,llama3:latest,gemini,gemini-2.5-flash,D,D,True,,
98ae0eca-84e2-4b3c-95e3-2920fafef1e8,no_rag,ollama,llama3:latest,gemini,gemini-2.5-flash,A,A,True,,
5ce754b8-b358-4270-9bd1-8828700a19b1,no_rag,ollama,llama3:latest,gemini,gemini-2.5-flash,A,B,False,FACTUAL_ERROR,"```json
{
  ""label"": """",
  ""reason"": ""The model chose 'A' (0 degrees) as the appropriate blade angle for scaling and root planing. Medically, 0 degrees is the correct angulation for blade insertion, not for the actual scaling and root planing stroke. The correct angulation for scaling and root planing is 45 to 90 degrees (Option B). Therefore, the model's answer is factually incorrect regarding the procedure specified in the question.""
}
```"
849b1909-c988-4d0b-8eaf-a716707cbe97,no_rag,ollama,llama3:latest,gemini,gemini-2.5-flash,A,B,False,FACTUAL_ERROR,"```json
{
  ""label"": """",
  ""reason"": ""The model incorrectly identified 'Root' as the part of the brachial plexus that does not give branches. This is factually incorrect, as roots (e.g., C5) give off branches like the dorsal scapular nerve and the long thoracic nerve. Divisions, the correct answer, are the parts that typically do not give off named branches.""
}
```"
07d58883-b752-4898-ab70-a1df892ef7bd,no_rag,ollama,llama3:latest,gemini,gemini-2.5-flash,A,A,True,,
66b9ec80-bfe0-485a-89ae-42e666aab572,no_rag,ollama,llama3:latest,gemini,gemini-2.5-flash,D,C,False,FACTUAL_ERROR,"```json
{
  ""label"": """",
  ""reason"": ""The question asks for a 'Cumulative index'. The correct option, PMA (Massler and Schlour), is indeed considered a cumulative index for gingival inflammation. The model's chosen option, Gingival index (Loe and Silness), is an index for assessing the *current status* and severity of gingival inflammation, but it is not classified as a cumulative index. Therefore, the model made a factual error in identifying the correct type of index.""
}
```"
0e46082c-1abc-4330-a12d-6948554559a2,no_rag,ollama,llama3:latest,gemini,gemini-2.5-flash,C,C,True,,
360f90ec-189e-464a-a60d-ed9d9bda46ef,no_rag,ollama,llama3:latest,gemini,gemini-2.5-flash,A,B,False,FACTUAL_ERROR,"```json
{
  ""label"": """",
  ""reason"": ""The model chose '0.5-1 kg' as the usual weight for rabbits in ophthalmological experiments, which is factually incorrect. The correct weight range is '1.5-2.5 kg'.""
}
```"
ee55a9bc-62bb-4952-957a-1902ff5b4376,no_rag,ollama,llama3:latest,gemini,gemini-2.5-flash,C,C,True,,
06cab4ad-fb49-4daa-92db-5ee3529af02f,no_rag,ollama,llama3:latest,gemini,gemini-2.5-flash,A,B,False,FACTUAL_ERROR,"```json
{
  ""label"": """",
  ""reason"": ""The model incorrectly identified the lateral pterygoid as the muscle responsible for mandibular retraction. The lateral pterygoid primarily causes protrusion of the mandible, which is the opposite action of retraction. The temporalis muscle is responsible for retraction, making the model's choice a direct factual inaccuracy regarding muscle function.""
}
```"
783df438-362f-4ab5-a8b3-11ea2bfb2af7,no_rag,ollama,llama3:latest,gemini,gemini-2.5-flash,A,A,True,,
fe85c6e7-2064-4045-b348-57a9eb2bc6b4,no_rag,ollama,llama3:latest,gemini,gemini-2.5-flash,B,B,True,,
87f6392c-b727-4e7d-be12-189db181fd2b,no_rag,ollama,llama3:latest,gemini,gemini-2.5-flash,C,C,True,,
c2b29a6c-e501-4532-97ad-62934778db2a,no_rag,ollama,llama3:latest,gemini,gemini-2.5-flash,B,C,False,FACTUAL_ERROR,"```json
{
 ""label"": """",
 ""reason"": ""The model incorrectly identified Cobalt-chromium as a solid solution. Silver-palladium alloys are explicitly known to form solid solutions, as stated in the gold explanation. Cobalt-chromium alloys, while used in dentistry, are not primarily characterized as simple solid solutions in the same manner, making the model's choice factually incorrect regarding the nature of the alloy.""
}
```"
1bf69f9a-987c-48fc-9356-d62d2148c3a6,no_rag,ollama,llama3:latest,gemini,gemini-2.5-flash,C,A,False,FACTUAL_ERROR,"```json
{
  ""label"": """",
  ""reason"": ""The model chose 30 seconds for tracheal suctioning, which is medically incorrect and exceeds the safe and recommended duration of 10-15 seconds. This is a direct factual error regarding a critical medical procedure guideline.""
}
```"
1482f619-ffc5-4773-b48e-995421bcab06,no_rag,ollama,llama3:latest,gemini,gemini-2.5-flash,A,A,True,,
0e7917ea-310b-4477-9897-f4901f728448,no_rag,ollama,llama3:latest,gemini,gemini-2.5-flash,C,D,False,FACTUAL_ERROR,"```json
{
  ""label"": """",
  ""reason"": ""The model incorrectly identified HDL as the lipoprotein that does not move towards the charged end in electrophoresis. In fact, HDL (alpha-lipoprotein) moves the furthest towards the anode, while chylomicrons remain at the origin or move minimally. This is a direct factual inaccuracy regarding the electrophoretic mobility of lipoproteins.""
}
```"
eaf9a948-8b99-4522-a75d-7649ecd0e3f7,no_rag,ollama,llama3:latest,gemini,gemini-2.5-flash,C,D,False,FACTUAL_ERROR,"```json
{
  ""label"": """",
  ""reason"": ""The model chose TRUS guided biopsy, which is contraindicated in the setting of acute prostatitis due to the risk of spreading infection and the fact that PSA elevation is likely due to inflammation. The immediate priority is to treat the acute infection with antibiotics, making the model's choice a medically incorrect and potentially harmful step.""
}
```"
133b6b41-ac32-4d94-b0c8-9004aa2214f4,no_rag,ollama,llama3:latest,gemini,gemini-2.5-flash,D,C,False,FACTUAL_ERROR,"```json
{
  ""label"": """",
  ""reason"": ""The model incorrectly identified the structure marked by the arrow. It chose 'Rough Endoplasmic reticulum' (D) when the correct structure is 'Secretory vesicles' (C). These are distinct cellular organelles with different morphologies and primary functions, indicating a factual misidentification rather than a subtle reasoning error between semantically close options.""
}
```"
a570d3c3-865a-41b6-8e21-dccbf7feec4c,no_rag,ollama,llama3:latest,gemini,gemini-2.5-flash,A,A,True,,
7627eb54-4499-45d0-ba1f-1c8dbc6f2342,no_rag,ollama,llama3:latest,gemini,gemini-2.5-flash,C,D,False,FACTUAL_ERROR,"```json
{
  ""label"": """",
  ""reason"": ""The model incorrectly identified Catalase as not containing iron. Catalase is a heme-containing enzyme and thus contains iron. This is a direct factual inaccuracy regarding the composition of Catalase.""
}
```"
57eb90ac-1025-4763-b6c0-ff5581ef2126,no_rag,ollama,llama3:latest,gemini,gemini-2.5-flash,A,A,True,,
890982b8-3906-44be-aff1-437a7c6c373d,no_rag,ollama,llama3:latest,gemini,gemini-2.5-flash,A,D,False,REASONING_FAILURE,"```json
{
  ""label"": """",
  ""reason"": ""The model correctly identified that the next step should involve checking for ejaculatory duct obstruction, which is the underlying problem suggested by the clinical findings (low semen volume, absent fructose, azoospermia). However, it failed to distinguish between a general physical examination (per-rectal examination) and the definitive imaging modality (transrectal ultrasound) for detecting such an obstruction. While both options relate to the same diagnostic goal, transrectal ultrasound is the medically appropriate and accurate next line of management, whereas a per-rectal examination is insufficient for this specific diagnostic task. This indicates an incorrect inference or distinction regarding the most effective diagnostic tool.""
}
```"
069b7516-54c4-4e5d-acf7-a7c92fdd2a01,no_rag,ollama,llama3:latest,gemini,gemini-2.5-flash,C,C,True,,
e872c1fb-0521-4b18-bfbb-b60544b78a99,no_rag,ollama,llama3:latest,gemini,gemini-2.5-flash,B,D,False,FACTUAL_ERROR,"```json
{
  ""label"": """",
  ""reason"": ""The model's chosen option (B) states that an IUCD doesn't need to be removed if a patient has it in-situ during a medical abortion. This is medically incorrect and unsafe; an IUCD must be removed prior to or during an abortion to prevent complications like infection or incomplete abortion. This is a direct factual inaccuracy, not a subtle reasoning error between close options.""
}
```"
21af7233-ae6a-423c-ae71-9148212a37c3,no_rag,ollama,llama3:latest,gemini,gemini-2.5-flash,C,C,True,,
1e94a9ca-55e4-4e9a-bf7b-cb2dc4ba2ab5,no_rag,ollama,llama3:latest,gemini,gemini-2.5-flash,C,B,False,FACTUAL_ERROR,"```json
{
  ""label"": """",
  ""reason"": ""The question states that SD plasma destroys lipid-enveloped viruses. The model chose HBV (Hepatitis B Virus), which is a lipid-enveloped virus. Therefore, HBV would be destroyed by SD plasma and would not be a likely infection. The model's choice is medically and factually incorrect given the premise, as it fails to correctly identify the enveloped status of HBV or the implication of SD plasma treatment.""
}
```"
4b40c558-d6be-4683-ac70-b43beafccae3,no_rag,ollama,llama3:latest,gemini,gemini-2.5-flash,C,B,False,FACTUAL_ERROR,"```json
{
  ""label"": """",
  ""reason"": ""The model incorrectly classified the IQ score range of 90-110 as 'Superior'. According to standard intelligence quotient classifications, this range is factually defined as 'Average'.""
}
```"
d1d16eda-c34e-4492-bee4-1b8c4246daf3,no_rag,ollama,llama3:latest,gemini,gemini-2.5-flash,C,C,True,,
732401b0-673b-4842-baed-ddd00626c561,no_rag,ollama,llama3:latest,gemini,gemini-2.5-flash,A,A,True,,
87d8663f-e0cd-4766-87b7-5312dfc4cd62,no_rag,ollama,llama3:latest,gemini,gemini-2.5-flash,B,B,True,,
685afed9-5dfa-4383-9001-50148cf6cb99,no_rag,ollama,llama3:latest,gemini,gemini-2.5-flash,A,D,False,REASONING_FAILURE,"```json
{
  ""label"": """",
  ""reason"": ""The model correctly identified that premolars exhibit the anti-monsoon curve, so the chosen option is not factually incorrect in isolation. However, it failed to recognize that molars and anterior teeth also exhibit this curve, making 'All of the above' the correct and most comprehensive answer. This indicates a failure to make the correct inference or distinction among the options, rather than a direct factual inaccuracy of the chosen option itself.""
}
```"
bbd0ab20-0dce-48f8-ba8f-288d205feb3c,no_rag,ollama,llama3:latest,gemini,gemini-2.5-flash,A,A,True,,
4a36bb7a-a19f-4aba-82b3-6cd35fc3cbc0,no_rag,ollama,llama3:latest,gemini,gemini-2.5-flash,D,A,False,FACTUAL_ERROR,"```json
{
  ""label"": """",
  ""reason"": ""The model incorrectly identified the instrument used for bone removal during periradicular surgery. A Taper Burr (model's choice) is primarily used for creating tapered preparations or finishing, not for bulk bone removal in this context. A Round Burr (correct option) is the appropriate instrument for bone removal and creating access in periradicular surgery. This constitutes a factual error regarding surgical instrumentation and technique.""
}
```"
4f5f8f0f-7956-4d71-b7ad-d29b76eda55f,no_rag,ollama,llama3:latest,gemini,gemini-2.5-flash,A,B,False,REASONING_FAILURE,"```json
{
  ""label"": """",
  ""reason"": ""The model correctly identified a function of the dental pulp (nutritive) but failed to distinguish it as the *primary* function. Both the chosen option ('Nutritive') and the correct option ('Production of dentin') are valid functions of the dental pulp, making them semantically close. The error lies in an incorrect inference or comparison regarding which function is paramount, rather than a completely factually incorrect statement about the pulp's capabilities.""
}
```"
f1f7b5b5-1446-4c3b-b863-6f933689cb95,no_rag,ollama,llama3:latest,gemini,gemini-2.5-flash,A,B,False,FACTUAL_ERROR,"```json
{
  ""label"": """",
  ""reason"": ""The model incorrectly chose 'Rigid immobilization,' which decreases callus formation, instead of 'Movement at fracture site,' which increases it. The chosen option is medically incorrect regarding its effect on callus formation.""
}
```"
e621e03f-d935-427f-a7a7-14f6f9a0efab,no_rag,ollama,llama3:latest,gemini,gemini-2.5-flash,B,B,True,,
60e4c703-caf9-4e1c-a6d8-fcbaeae819d4,no_rag,ollama,llama3:latest,gemini,gemini-2.5-flash,B,C,False,FACTUAL_ERROR,"```json
{
  ""label"": """",
  ""reason"": ""The model's chosen option states that skeletal muscles contract when actin and myosin filaments shorten. This is factually incorrect. During muscle contraction, actin and myosin filaments do not shorten; instead, they slide past each other, causing the sarcomeres to shorten. This is a fundamental misunderstanding of the sliding filament theory.""
}
```"
90481eeb-fa12-4a3d-8348-dd3f1758167c,no_rag,ollama,llama3:latest,gemini,gemini-2.5-flash,A,A,True,,
d2398cd6-b205-4fb3-a4c4-9e575662b0bf,no_rag,ollama,llama3:latest,gemini,gemini-2.5-flash,A,A,True,,
aa32b0f3-dd63-455c-8de0-9fd429edfd20,no_rag,ollama,llama3:latest,gemini,gemini-2.5-flash,A,A,True,,
5878356e-0dc4-4d11-81fe-765d78c6b593,no_rag,ollama,llama3:latest,gemini,gemini-2.5-flash,C,A,False,FACTUAL_ERROR,"```json
{
  ""label"": """",
  ""reason"": ""The model incorrectly states that reciprocal arm taper is in '3 dimensions' when the correct medical fact is '1 dimension'. This is a direct factual inaccuracy.""
}
```"
4710c6bb-67b6-47ab-85e1-7cac22bd35cf,no_rag,ollama,llama3:latest,gemini,gemini-2.5-flash,C,C,True,,
92693be1-566d-490a-9ecb-bb5124769c74,no_rag,ollama,llama3:latest,gemini,gemini-2.5-flash,B,A,False,FACTUAL_ERROR,"```json
{
  ""label"": """",
  ""reason"": ""The model incorrectly states that proximal caries below the contact point are the most common location for caries on a primary 2nd molar. Medically, occlusal pit and fissures are the most common site for caries development on primary molars due to their anatomy and plaque retention.""
}
```"
0449cf80-87b3-4345-8c80-f007398c4fab,no_rag,ollama,llama3:latest,gemini,gemini-2.5-flash,D,D,True,,
0c897b21-e2f5-4b70-ac40-edc59745a66c,no_rag,ollama,llama3:latest,gemini,gemini-2.5-flash,A,A,True,,
4f95b3a2-a4bd-4bbd-978c-4a560a17d67d,no_rag,ollama,llama3:latest,gemini,gemini-2.5-flash,A,D,False,FACTUAL_ERROR,"```json
{
 ""label"": """",
 ""reason"": ""The model incorrectly identified 'Increased ICP' as a physiological change *not* seen in laparoscopy. Increased ICP is a known physiological change that occurs during laparoscopy, primarily due to hypercapnia and increased intra-abdominal pressure. The model's chosen option is medically and factually wrong in the context of the question asking for the exception.""
}
```"
820b79a8-3eef-494b-a007-995db6b5258c,no_rag,ollama,llama3:latest,gemini,gemini-2.5-flash,C,B,False,FACTUAL_ERROR,"```json
{
  ""label"": """",
  ""reason"": ""The model incorrectly identified B fibers as the least susceptible to LA blockade, whereas B fibers are known to be the most susceptible. A alpha fibers are the least susceptible. This is a direct factual inaccuracy regarding the properties of nerve fibers and local anesthetics.""
}
```"
740f528e-5192-44dc-89a3-4e2a1249e3c6,no_rag,ollama,llama3:latest,gemini,gemini-2.5-flash,B,B,True,,
729e5ae9-94b3-4aa0-be92-c64186ec1875,no_rag,ollama,llama3:latest,gemini,gemini-2.5-flash,A,B,False,REASONING_FAILURE,"```json
{
 ""label"": """",
 ""reason"": ""The incorporation of a peripheral seal in an impression is directly performed to capture the functional movements of the surrounding tissues, resulting in a 'functionally moulded periphery'. This functionally moulded periphery is then essential for achieving denture 'stability'. The model chose 'Stability', which is a subsequent benefit or consequence of a functionally moulded periphery, rather than the direct anatomical/morphological outcome obtained by incorporating the seal in the impression. The model failed to distinguish between the immediate result of the impression technique and its ultimate goal/benefit, indicating an incorrect inference or distinction.""
}
```"
e726a65e-0874-481f-b20e-717b951a7b73,no_rag,ollama,llama3:latest,gemini,gemini-2.5-flash,D,A,False,FACTUAL_ERROR,"```json
{
  ""label"": """",
  ""reason"": ""The model incorrectly chose Hyperparathyroidism. Hyperparathyroidism causes bone resorption and other skeletal changes, but it does not lead to an increase in the height of the mandible or an increase in interdental spaces, which are characteristic features of Hyperpituitarism (Acromegaly). The chosen option is medically incorrect for the described symptoms.""
}
```"
0190a0f3-416a-4d56-a172-7738b023fd28,no_rag,ollama,llama3:latest,gemini,gemini-2.5-flash,C,C,True,,
f719334e-ac98-46bf-8b44-89f71994e233,no_rag,ollama,llama3:latest,gemini,gemini-2.5-flash,A,A,True,,
94e49b87-631d-4d93-bdf8-e8e71ae04654,no_rag,ollama,llama3:latest,gemini,gemini-2.5-flash,A,B,False,FACTUAL_ERROR,"```json
{
  ""label"": """",
  ""reason"": ""The model incorrectly states that Vwf factor is produced by platelets. Vwf factor is produced by endothelial cells and megakaryocytes, not platelets. Platelets are involved in the function of Vwf, but not its production, making the model's answer a direct factual inaccuracy.""
}
```"
cfa28a58-dd1f-4852-b34f-d150a9fd9011,no_rag,ollama,llama3:latest,gemini,gemini-2.5-flash,A,D,False,FACTUAL_ERROR,"```json
{
 ""label"": """",
 ""reason"": ""The question asks for the statement that is false. The model chose option A: 'Anti-venom is not effective in humpnosed pit viper bite'. This statement is medically and factually correct, as confirmed by the provided context ('Polyvalent Anti-snake venom - Ineffective against humpnosed pit viper'). By selecting a true statement when asked for a false one, the model made a factual error in its assessment of the truth value of option A in the context of the question.""
}
```"
262da3d5-8115-448d-9e82-625fca2aac59,no_rag,ollama,llama3:latest,gemini,gemini-2.5-flash,B,B,True,,
f2ed694c-991d-40e5-a191-25c076168ea6,no_rag,ollama,llama3:latest,gemini,gemini-2.5-flash,D,D,True,,
e7f023ea-2147-47d3-9f2a-61fb60a900be,no_rag,ollama,llama3:latest,gemini,gemini-2.5-flash,A,A,True,,
8c2a3258-e79f-4872-9de3-a0abc701f711,no_rag,ollama,llama3:latest,gemini,gemini-2.5-flash,A,B,False,REASONING_FAILURE,"```json
{
  ""label"": """",
  ""reason"": ""The model correctly identified a facial bone that is prone to fracture (Mandible), but failed to identify the *most* prone one (Nasal bone). Both are common sites for facial fractures, making them semantically close in the context of the question. The error lies in an incorrect inference or comparison regarding the degree of fracture propensity, rather than a fundamental factual inaccuracy about the Mandible itself.""
}
```"
17d49a43-a8cf-43c9-9c9e-70a42e741af1,no_rag,ollama,llama3:latest,gemini,gemini-2.5-flash,A,A,True,,
b63d8163-5256-417b-8736-bc123eea66b1,no_rag,ollama,llama3:latest,gemini,gemini-2.5-flash,D,D,True,,
efa0e92a-b11b-4c1c-a97d-8b4409430caa,no_rag,ollama,llama3:latest,gemini,gemini-2.5-flash,B,B,True,,
d7a840fd-00b4-4980-a01a-4de04a73d18f,no_rag,ollama,llama3:latest,gemini,gemini-2.5-flash,A,A,True,,
099ab3bb-253b-41e1-8250-c41d92781148,no_rag,ollama,llama3:latest,gemini,gemini-2.5-flash,A,D,False,FACTUAL_ERROR,"```json
{
 ""label"": """",
 ""reason"": ""The model incorrectly chose 'Prothrombin' (referring to Prothrombin time) as a test that may *not* be abnormal in DIC. However, the gold explanation explicitly states that 'Prothrombin time... are all prolonged' in DIC, meaning it *is* abnormal. The model's answer is a direct factual contradiction of the provided medical information regarding DIC.""
}
```"
ba705377-5543-4350-8483-bf984e4ccf15,no_rag,ollama,llama3:latest,gemini,gemini-2.5-flash,B,B,True,,
18796d06-7762-4185-b0ca-c1b527502073,no_rag,ollama,llama3:latest,gemini,gemini-2.5-flash,B,C,False,FACTUAL_ERROR,"```json
{
  ""label"": """",
  ""reason"": ""The model incorrectly identified option B, 'Facial incline might contact in MI,' as not true about stamp cusps. In fact, the facial inclines of stamp cusps (e.g., buccal cusps of mandibular molars) do make contact in maximum intercuspation (MI) with the opposing teeth. Therefore, the model made a direct factual error regarding the occlusal contacts of stamp cusps.""
}
```"
29e07bd0-f864-4738-bdbc-491f1205287f,no_rag,ollama,llama3:latest,gemini,gemini-2.5-flash,C,A,False,FACTUAL_ERROR,"```json
{
 ""label"": """",
 ""reason"": ""The model incorrectly identified the Vipeholm study as the source for the finding that 'sugar restricted to diet was beneficial in presence of unfavorable hygiene'. This specific finding is attributed to the Hopewood House study, as detailed in the gold explanation. The Vipeholm study focused on the form and frequency of sugar intake and its impact on caries, not the benefit of sugar restriction under unfavorable hygiene conditions. This constitutes a direct factual misattribution of study findings.""
}
```"
8798d2af-fc67-4463-9098-f105b3f4b458,no_rag,ollama,llama3:latest,gemini,gemini-2.5-flash,A,A,True,,
cc0d09f8-564d-4fe5-8b22-4b7d3e4ed586,no_rag,ollama,llama3:latest,gemini,gemini-2.5-flash,A,D,False,FACTUAL_ERROR,"```json
{
  ""label"": """",
  ""reason"": ""The question asks for the 'Most common tumor of lacrimal gland'. The model's chosen option, 'Trans-scaphoid perilunate fracture', is a type of bone fracture, not a tumor. This is a fundamental medical and factual inaccuracy in response to the question.""
}
```"
57d48689-dcbd-4e81-9ea9-d56b7f7eed2d,no_rag,ollama,llama3:latest,gemini,gemini-2.5-flash,C,A,False,REASONING_FAILURE,"```json
{
 ""label"": """",
 ""reason"": ""The model chose 0.6 to 0.8%, which is numerically close to the correct answer of 1-1.2%. Both ranges fall within the broader acceptable range for carbon steel (0.5 to 1.5%) as per the gold explanation. The model failed to make the correct distinction or inference to select the most precise and correct option among the choices, indicating a reasoning failure rather than a completely factual error.""
}
```"
aadafd4c-cb37-460b-8e6f-28f42d01dd60,no_rag,ollama,llama3:latest,gemini,gemini-2.5-flash,A,C,False,FACTUAL_ERROR,"```json
{
 ""label"": """",
 ""reason"": ""The model chose Adie's tonic pupil. Adie's pupil is characterized by denervation supersensitivity, meaning it *will* constrict to pilocarpine, especially dilute concentrations (and thus also to 1%). The question states that 1% pilocarpine *failed* to produce pupillary constriction, which directly contradicts the expected pharmacological response in Adie's pupil. This indicates a fundamental factual misunderstanding of Adie's pupil's response to pilocarpine.""
}
```"
4a3f261b-cfd0-40f2-bac2-1337f2937591,no_rag,ollama,llama3:latest,gemini,gemini-2.5-flash,A,A,True,,
0d96ee7c-7133-4d5a-becf-f9ad47582e54,no_rag,ollama,llama3:latest,gemini,gemini-2.5-flash,B,B,True,,
c87fcef2-1b7d-44e2-85c0-618b956f675e,no_rag,ollama,llama3:latest,gemini,gemini-2.5-flash,B,C,False,FACTUAL_ERROR,"```json
{
  ""label"": """",
  ""reason"": ""The model incorrectly identified 'Thrombocytopenia' as something *not* seen in DIC. Thrombocytopenia is a characteristic feature of DIC due to platelet consumption. The question asks for what is *except* (not seen), and the model chose an option that is definitively seen in DIC, indicating a factual misunderstanding of DIC pathophysiology in the context of the question.""
}
```"
e881fcb0-a4f2-45ed-97cf-c53045f98e30,no_rag,ollama,llama3:latest,gemini,gemini-2.5-flash,B,B,True,,
8254c1c7-9f97-4dae-96f6-d44661ff36cf,no_rag,ollama,llama3:latest,gemini,gemini-2.5-flash,B,A,False,FACTUAL_ERROR,"```json
{
  ""label"": """",
  ""reason"": ""Behavior shaping is a technique derived from operant conditioning, which is fundamentally based on stimulus-response theory. Social learning principle, while a theory of learning, is a distinct theoretical framework and not the basis of behavior shaping.""
}
```"
5988b3d1-c438-4d16-a887-979dac8bbd10,no_rag,ollama,llama3:latest,gemini,gemini-2.5-flash,B,A,False,FACTUAL_ERROR,"```json
{
  ""label"": """",
  ""reason"": ""The model incorrectly identified the mesiobuccal root as the shortest root of the maxillary 1st molar. Factually, the distobuccal root is the shortest, as indicated by the gold explanation (Distobuccal < Mesiobuccal < Palatal).""
}
```"
818e92da-69f5-41d8-a15a-f22c851140fb,no_rag,ollama,llama3:latest,gemini,gemini-2.5-flash,C,C,True,,
b12749bc-ed37-4f12-9d45-029e1a0916b0,no_rag,ollama,llama3:latest,gemini,gemini-2.5-flash,A,A,True,,
dd210467-68c5-4566-9cad-34e5ffa22bc9,no_rag,ollama,llama3:latest,gemini,gemini-2.5-flash,A,A,True,,
0c240f5f-b2d4-4229-8a70-5c2bd42f2144,no_rag,ollama,llama3:latest,gemini,gemini-2.5-flash,A,D,False,FACTUAL_ERROR,"```json
{
  ""label"": """",
  ""reason"": ""The model incorrectly identified the 'RMP incharge of the hospital' as not authorized to declare brainstem death. According to the Transplantation of Human Organs Act, a surgeon doing a liver transplant is not authorized due to a conflict of interest (vested interest), as explicitly stated in the gold explanation. The RMP in charge of the hospital is a distinct role and is not inherently unauthorized in the same manner; they may even be responsible for nominating authorized personnel. This is a direct factual misidentification of the unauthorized party.""
}
```"
6167ceda-f896-4511-a570-ae19f725e1e7,no_rag,ollama,llama3:latest,gemini,gemini-2.5-flash,D,B,False,FACTUAL_ERROR,"```json
{
 ""label"": """",
 ""reason"": ""The model incorrectly identified Pancreatic lipase as being controlled by glucagon. Glucagon specifically controls Hormone-sensitive lipase, which mobilizes stored triglycerides from adipose tissue. Pancreatic lipase is involved in the digestion of dietary fats in the small intestine and is not regulated by glucagon.""
}
```"
fa39f24e-b6bf-43e6-8c00-8b1b5caf8c90,no_rag,ollama,llama3:latest,gemini,gemini-2.5-flash,A,A,True,,
dd09ae12-8526-4766-bb41-af82b17c706f,no_rag,ollama,llama3:latest,gemini,gemini-2.5-flash,D,A,False,FACTUAL_ERROR,"```json
{
  ""label"": """",
  ""reason"": ""The question asks for the type of 'force' experienced by the alveolar border during a mandibular fracture. 'Tension' is a type of force (a pulling force). 'Rotation' is a type of motion or displacement, not a fundamental force. Choosing 'Rotation' as the force experienced is a factual error regarding biomechanical principles.""
}
```"
27c3f1c6-a7e4-44fc-9e48-085254585c08,no_rag,ollama,llama3:latest,gemini,gemini-2.5-flash,B,B,True,,
539291d5-becc-4ccc-8862-9d9ff4fcc121,no_rag,ollama,llama3:latest,gemini,gemini-2.5-flash,D,D,True,,
631db9fb-f930-40f3-a867-273597e5c7f9,no_rag,ollama,llama3:latest,gemini,gemini-2.5-flash,C,B,False,FACTUAL_ERROR,"```json
{
 ""label"": """",
 ""reason"": ""The model incorrectly identified 'Decrease number and size of voids' as something pre-carve burnishing is *not* useful for. Pre-carve burnishing compacts the amalgam, which inherently helps in decreasing the number and size of voids. Therefore, the model's understanding of the utility of pre-carve burnishing is factually incorrect regarding option C.""
}
```"
4932022f-bc9d-4d90-a610-f6c87cd0008d,no_rag,ollama,llama3:latest,gemini,gemini-2.5-flash,C,C,True,,
3ea8bac5-2e0f-4f6f-8f5e-c9c1ef405a76,no_rag,ollama,llama3:latest,gemini,gemini-2.5-flash,D,D,True,,
da27e783-4c0b-4621-bc3d-938a109d8425,no_rag,ollama,llama3:latest,gemini,gemini-2.5-flash,B,B,True,,
ed111e74-8d76-4f2f-ac59-56e7ddc2be88,no_rag,ollama,llama3:latest,gemini,gemini-2.5-flash,B,B,True,,
671eebea-f741-4ed8-bf68-36e36c8de1eb,no_rag,ollama,llama3:latest,gemini,gemini-2.5-flash,B,B,True,,
7e567a6e-46f6-4f48-bd14-21e53726f1ff,no_rag,ollama,llama3:latest,gemini,gemini-2.5-flash,A,A,True,,
f213cf1e-b5d6-4a25-8027-f1e39514ff20,no_rag,ollama,llama3:latest,gemini,gemini-2.5-flash,A,B,False,REASONING_FAILURE,"```json
{
  ""label"": """",
  ""reason"": ""The model failed to correctly infer the best treatment modality based on the patient's significant comorbidities (age, chronic smoker, diabetic, edentulous), which increase the risk of non/delayed healing and surgical complications. While ORIF is a valid treatment for body fractures, it is not the 'best' approach for this high-risk patient, where non-surgical management (Gunning splints) is indicated. The error lies in the clinical reasoning and risk assessment, not in a direct factual inaccuracy about the chosen procedure itself.""
}
```"
59f75254-2953-45a6-9c9a-61dd9a4dc537,no_rag,ollama,llama3:latest,gemini,gemini-2.5-flash,A,A,True,,
8dd6630c-194f-4a21-a6a3-1a41f97dcd66,no_rag,ollama,llama3:latest,gemini,gemini-2.5-flash,A,C,False,FACTUAL_ERROR,"```json
{
  ""label"": """",
  ""reason"": ""The model incorrectly identified the condition as a Diphtheritic lesion. Diphtheria is characterized by a thick, adherent pseudomembrane that is painful and causes bleeding upon removal, not one that can be pulled off painlessly. Furthermore, the 'punched out crater-like depression' is a classic description of ANUG (Acute Necrotizing Ulcerative Gingivitis), not diphtheria. The model's answer is medically inaccurate based on the provided clinical features.""
}
```"
58d24187-ca26-4e5b-a3d9-c57ce0ff543b,no_rag,ollama,llama3:latest,gemini,gemini-2.5-flash,A,A,True,,
723bd8c7-6da8-4897-8a1b-dd87891f24a7,no_rag,ollama,llama3:latest,gemini,gemini-2.5-flash,A,C,False,FACTUAL_ERROR,"```json
{
  ""label"": """",
  ""reason"": ""The model incorrectly identified Bartholin's duct as the Parotid duct. Bartholin's duct is the major sublingual duct, whereas the Parotid duct is also known as Stensen's duct. These are distinct anatomical structures and eponyms, indicating a direct factual inaccuracy rather than a subtle inference or distinction error.""
}
```"
35fb00cb-9acc-4177-8873-c3915a142c99,no_rag,ollama,llama3:latest,gemini,gemini-2.5-flash,C,A,False,FACTUAL_ERROR,"```json
{
 ""label"": """",
 ""reason"": ""Candida albicans does not exist as hyphae at 25°C and yeast at 37°C. It is a polymorphic fungus that can exist as yeast, pseudohyphae, and true hyphae at both temperatures, and its dimorphism is not characterized by the specific temperature-dependent mold-to-yeast transition described in the question. The model's answer is medically incorrect.""
}
```"
14e05154-05a2-4472-a63e-261d765893ae,no_rag,ollama,llama3:latest,gemini,gemini-2.5-flash,A,A,True,,
70097b1a-1f7a-4c04-ba9e-2f1489f0fb11,no_rag,ollama,llama3:latest,gemini,gemini-2.5-flash,C,C,True,,
a5d204a1-2ae9-428a-bf12-1419fa344668,no_rag,ollama,llama3:latest,gemini,gemini-2.5-flash,A,B,False,FACTUAL_ERROR,"```json
{
  ""label"": """",
  ""reason"": ""The model incorrectly identified Osteosarcoma as the most common bone cancer. While Osteosarcoma is the most common primary bone cancer, metastatic bone cancer is overall the most common type of bone cancer, making the model's choice factually incorrect for the general question.""
}
```"
b5a8425a-1ddf-41e1-9ffa-c2088ce2897e,no_rag,ollama,llama3:latest,gemini,gemini-2.5-flash,C,A,False,FACTUAL_ERROR,"```json
{
 ""label"": """",
 ""reason"": ""The model's answer incorrectly includes Apo E as a ligand for the uptake of LDL. While Apo E is a ligand for the LDL receptor, it is primarily found on chylomicron remnants and VLDL remnants (IDL) and mediates their uptake. LDL particles primarily contain Apo B-100, which is the specific ligand for their uptake by the liver. Attributing Apo E to LDL uptake is a factual inaccuracy regarding the composition of LDL and the specific apolipoproteins mediating its clearance.""
}
```"
b9546516-2a4a-4179-a956-60d0387bf11f,no_rag,ollama,llama3:latest,gemini,gemini-2.5-flash,C,C,True,,
76ba3417-012e-4bf8-840c-13bb7bc60dcc,no_rag,ollama,llama3:latest,gemini,gemini-2.5-flash,A,A,True,,
f6829756-2e11-47cb-85a8-3ba40ecb3332,no_rag,ollama,llama3:latest,gemini,gemini-2.5-flash,C,D,False,REASONING_FAILURE,"```json
{
  ""label"": """",
  ""reason"": ""The model correctly identified that Ductus venosus and Foramen ovale close, which is factually accurate. However, it failed to infer that Umbilical Artery and Umbilical Vein also close and are part of the 'sequence of closure' asked in the question. By choosing option C instead of D ('All'), the model demonstrated an incorrect inference about the scope of the question and the comprehensive nature of the correct answer, rather than a direct factual error within the chosen option itself.""
}
```"
2dd59aba-38c0-4aff-a000-1bcb640254ff,no_rag,ollama,llama3:latest,gemini,gemini-2.5-flash,A,B,False,REASONING_FAILURE,"```json
{
  ""label"": """",
  ""reason"": ""The model incorrectly inferred that 'Research papers and other articles proving efficacy of the drug' is the information that 'need not be given' in a drug advertisement letter, over the more definitively irrelevant 'Date of expiry of the drug'. While full research papers are not typically included in an advertisement, information regarding efficacy is a crucial component that must be conveyed. The model failed to make the correct distinction between information that is summarized versus information that is entirely outside the scope of an advertisement.""
}
```"
